Key;Item Type;Publication Year;Author;Title;Journal Name;DOI
ZJDPB7EY;journalArticle;2024;"Ibrahim, E.A.; Wamalwa, M.; Odindi, J.; Tonnang, H.E.Z.";Spatio-temporal characterization of phenotypic resistance in malaria vector species;BMC Biology;10.1186/s12915-024-01915-z
4V2B2JST;journalArticle;2025;"Maulana, K.Y.; Na-Lampang, K.; Arjkumpa, O.; Buamithup, N.; Intawong, K.; Punyapornwithaya, V.";Geographical Distribution, Spatial Directional Trends, and Spatio-Temporal Clusters of the First Rapid and Widespread Lumpy Skin Disease Outbreaks in Thailand;Transboundary and Emerging Diseases;10.1155/tbed/4900775
KXNZBHCZ;journalArticle;2025;"Afrifa-Yamoah, E.; Osei, P.M.";Bayesian spatio-temporal modeling of African CO2 emissions (1990–2020): A hierarchical approach to identify determinants, regional trends, and local dynamics;Science of the Total Environment;10.1016/j.scitotenv.2025.178894
92TKS9YS;journalArticle;2024;"López-Lacort, M.; Corberán-Vallet, A.; Briz-Redón, Á.; Santonja Gómez, F.J.; Muñoz-Quiles, C.; Orrico-Sánchez, A.";A Bayesian spatio-temporal model for cluster detection: identifying HPV suboptimal vaccine coverage;Stochastic Environmental Research and Risk Assessment;10.1007/s00477-024-02815-y
MXWBN2WA;journalArticle;2024;"Satorra, P.; Tebé, C.";Bayesian spatio-temporal analysis of the COVID-19 pandemic in Catalonia;Scientific Reports;10.1038/s41598-024-53527-w
S2BDVVU2;journalArticle;2024;"Mota-Bertran, A.; Coenders, G.; Plaja, P.; Saez, M.; Barceló, M.A.";Air pollution and children’s mental health in rural areas: compositional spatio-temporal model;Scientific Reports;10.1038/s41598-024-70024-2
ILBGDIE2;journalArticle;2024;"Shi, Y.; Han, Q.; Zhang, S.; Yang, S.; Cheng, T.; Fan, W.; Zhao, G.; Han, H.; Zhang, H.";Seasonal Spatio-Temporal Model Improves Refined Stock Assessment and Management of Japanese Sardine (Sardinops melanostictus) in the Northwest Pacific Ocean;Animals;10.3390/ani14233434
ANCBKSZJ;journalArticle;2024;"Bofa, A.; Zewotir, T.";Optimizing spatio-temporal correlation structures for modeling food security in Africa: a simulation-based investigation;BMC Bioinformatics;10.1186/s12859-024-05791-w
7PFIZ8KW;journalArticle;2025;"Siri, P.; Fedrigo, J.K.; Posse, J.P.; Benitez, V.; Hirigoyen, A.; Ingaramo, L.; González Barrios, P.";Spatio-temporal modeling of eucalyptus and pinus intercropping systems: effects of weed control and row distance;Agroforestry Systems;10.1007/s10457-025-01171-2
6UVLVBLZ;journalArticle;2025;"Huang, Y.; Chen, X.; Zhu, L.";Exploring Trade-Offs/Synergies and Drivers of Ecosystem Services in the Dongting Lake Area, China;Sustainability (Switzerland);10.3390/su17041650
DFT2HQDU;journalArticle;2025;"Tang, R.; Hou, G.; Chen, Y.; Liu, X.; Chu, S.; Li, L.";Spatial and temporal characteristics and driving mechanisms of recreational ecosystem services supply-demand mismatch in rapidly urbanizing areas: Evidence from the Yangtze River Delta;Ecological Indicators;10.1016/j.ecolind.2025.113153
HTNX2SMG;journalArticle;2024;"Gaichas, S.K.; Gartland, J.; Smith, B.E.; Wood, A.D.; Ng, E.L.; Celestino, M.; Drew, K.; Tyrell, A.S.; Thorson, J.T.";Assessing small pelagic fish trends in space and time using piscivore stomach contents;Canadian Journal of Fisheries and Aquatic Sciences;10.1139/cjfas-2023-0093
G5HJ5TU9;journalArticle;2025;"Liu, Y.; Kjær, L.J.; Boklund, A.E.; Clausen, P.; Nyegaard, T.; Ward, M.P.; Laffan, S.; Kirkeby, C.T.";The role of wild birds in transmitting highly pathogenic avian influenza in Denmark: An exploration using a spatiotemporal model;Ecological Modelling;10.1016/j.ecolmodel.2025.111019
KZASN8LM;journalArticle;2025;"Choi, B.; Hummel, M.A.";Spatiotemporal air quality prediction using stochastic advection-diffusion model for multimodal data fusion;Environmental Research Letters;10.1088/1748-9326/ada397
F8R5MUSA;journalArticle;2024;"Alam, N.M.; Mitra, S.; Pandey, S.K.; Jana, C.; Ray, M.; Ghosh, S.; Paul Mazumdar, S.; Shankar, S.V.; Saha, R.; Kar, G.";Enhanced Spatio-Temporal Modeling for Rainfall Forecasting: A High-Resolution Grid Analysis;Water (Switzerland);10.3390/w16131891
7JZ33GD9;journalArticle;2024;"Yin, X.; Aiken, J.M.; Harris, R.; Bamber, J.L.";A Bayesian spatio-temporal model of COVID-19 spread in England;Scientific Reports;10.1038/s41598-024-60964-0
AIA2Y6SH;journalArticle;2024;"Kalthoum, S.; Mzoughi, S.; Gharbi, R.; Lachtar, M.; Bel Haj Mohamed, B.; Hajlaoui, H.; Khalfaoui, W.; Dhaouadi, A.; Ben Sliman, I.; Ben Salah, C.; Kessa, H.; Benkirane, H.; Fekih, A.J.; Barrak, K.; Sayari, H.; Bahloul, C.; Porphyre, T.";Factors associated with the spatiotemporal distribution of dog rabies in Tunisia;PLoS Neglected Tropical Diseases;10.1371/journal.pntd.0012296
3Z36QWGF;journalArticle;2024;"Yu, W.; Zhuang, M.; Geng, M.; Hu, K.; Zhao, Q.; Yan, J.";Association between hydrometeorological conditions and infectious diarrhea in mainland China: a spatiotemporal modeling study;Environmental Research Letters;10.1088/1748-9326/ad44b4
V5A7YB7Z;journalArticle;2024;"Deng, L.-L.; Zhao, F.; Li, Z.-W.; Zhang, W.-W.; He, G.-X.; Ren, X.";Epidemiological characteristics of tuberculosis incidence and its macro-influence factors in Chinese mainland during 2014–2021;Infectious Diseases of Poverty;10.1186/s40249-024-01203-6
Z9FQVXN9;journalArticle;2024;"Ragbir, P.; Kaduwela, A.; Lan, X.; Watts, A.; Kong, Z.";A Control-Theoretic Spatio-Temporal Model for Wildfire Smoke Propagation Using UAV-Based Air Pollutant Measurements;Drones;10.3390/drones8050169
UCTTV5RI;journalArticle;2024;"Soukavong, M.; Thinkhamrop, K.; Pratumchart, K.; Soulaphy, C.; Xangsayarath, P.; Mayxay, M.; Phommachanh, S.; Kelly, M.; Wangdi, K.; Clements, A.C.A.; Suwannatrai, A.T.";Bayesian spatio-temporal analysis of dengue transmission in Lao PDR;Scientific Reports;10.1038/s41598-024-71807-3
7T3J7SQZ;journalArticle;2024;"Bofa, A.; Zewotir, T.";A bayesian spatio-temporal dynamic analysis of food security in Africa;Scientific Reports;10.1038/s41598-024-65989-z
GVLD8RSM;journalArticle;2024;"Tam, L.T.; Thinkhamrop, K.; Suttiprapa, S.; Clements, A.C.A.; Wangdi, K.; Suwannatrai, A.T.";Bayesian spatio-temporal modelling of environmental, climatic, and socio-economic influences on malaria in Central Vietnam;Malaria Journal;10.1186/s12936-024-05074-y
V6CENTF5;journalArticle;2025;"Shannon, E.S.; Finley, A.O.; Domke, G.M.; May, P.B.; Andersen, H.-E.; Gaines III, G.C.; Banerjee, S.";Toward spatio-temporal models to support national-scale forest carbon monitoring and reporting;Environmental Research Letters;10.1088/1748-9326/ad9e07
7FB7Q7WQ;journalArticle;2024;"Staeudle, T.M.; Parmentier, B.; Poos, J.J.";Accounting for spatio-temporal distribution changes in size-structured abundance estimates for a data-limited stock of Raja clavata;ICES Journal of Marine Science;10.1093/icesjms/fsae106
WYBZEEPG;journalArticle;2024;"Domínguez, A.; Dadvand, P.; Cirach, M.; Arévalo, G.; Barril, L.; Foraster, M.; Gascon, M.; Raimbault, B.; Galmés, T.; Goméz-Herrera, L.; Persavento, C.; Samuelsson, K.; Lao, J.; Moreno, T.; Querol, X.; Jerrett, M.; Schwartz, J.; Tonne, C.; Nieuwenhuijsen, M.J.; Sunyer, J.; Basagaña, X.; Rivas, I.";Development of land use regression, dispersion, and hybrid models for prediction of outdoor air pollution exposure in Barcelona;Science of the Total Environment;10.1016/j.scitotenv.2024.176632
P2VP2YA4;journalArticle;2024;"Bo, Y.; Lin, C.; Guo, C.; Wong, M.; Huang, B.; Lau, A.; Huang, Y.; Lao, X.Q.";Chronic exposure to ambient air pollution and the risk of non-alcoholic fatty liver disease: A cross-sectional study in Taiwan and Hong Kong;Ecotoxicology and Environmental Safety;10.1016/j.ecoenv.2024.116245
D96T4APJ;journalArticle;2025;"Wang, K.; Zhang, Y.; Bai, L.; Chen, Y.; Ling, C.";Spatio-temporal modelling of extreme low birth rates in U.S. counties;BMC Public Health;10.1186/s12889-025-21686-8
PCRMJVMU;journalArticle;2024;"Pirani, M.; Lorenz, C.; de Azevedo, T.S.; Barbosa, G.L.; Blangiardo, M.; Chiaravalloti-Neto, F.";Effects of the El Niño-Southern Oscillation and seasonal weather conditions on Aedes aegypti infestation in the State of São Paulo (Brazil): A Bayesian spatio-temporal study;PLoS Neglected Tropical Diseases;10.1371/journal.pntd.0012397
4YNNSRFP;journalArticle;2024;"Braga, A.; Laurini, M.";Spatial heterogeneity in climate change effects across Brazilian biomes;Scientific Reports;10.1038/s41598-024-67244-x
8NFZ3GQP;journalArticle;2024;"Petrof, O.; Neyens, T.; Vaes, B.; Janssens, A.; Faes, C.";Using a general practice research database to assess the spatio-temporal COVID-19 risk;BMC Primary Care;10.1186/s12875-024-02423-3
MP5R5DJ5;journalArticle;2025;"Sultana, A.; Ali, A.M.; Ar Salan, S.; Kabir, M.A.; Hossain, M.M.";Modeling spatial and temporal variability in educational development index of Bangladesh using socio-economic, and demographic data, 2001–2021: A Bayesian approach;PLoS ONE;10.1371/journal.pone.0317030
7FYFCJH9;journalArticle;2024;"Zhang, S.; Amratia, P.; Symons, T.L.; Rumisha, S.F.; Kang, S.Y.; Connell, M.; Uusiku, P.; Katokele, S.; Hamunyela, J.; Ntusi, N.; Soroses, W.; Moyo, E.; Lukubwe, O.; Maponga, C.; Lucero, D.; Gething, P.W.; Cameron, E.";High-resolution spatio-temporal risk mapping for malaria in Namibia: a comprehensive analysis;Malaria Journal;10.1186/s12936-024-05103-w
95X29QNT;journalArticle;2024;"Sando, K.; Wada, R.; Rohmer, J.; Jonathan, P.";Multivariate spatial and spatio-temporal models for extreme tropical cyclone seas;Ocean Engineering;10.1016/j.oceaneng.2024.118365
NGF4XTNL;journalArticle;2024;"Breivik, O.N.; Zimmermann, F.; Johannesen, E.; Ono, K.; Fall, J.; Howell, D.; Nielsen, A.";Incorporation of observation uncertainty in stock assessment using spatio-temporal modeling of catch-at-length and age-at-length survey data;ICES Journal of Marine Science;10.1093/icesjms/fsae079
G6GU2HI6;journalArticle;2024;Briz-Redón, Á.;A Bayesian Aoristic Logistic Regression to Model Spatio-Temporal Crime Risk Under the Presence of Interval-Censored Event Times;Journal of Quantitative Criminology;10.1007/s10940-023-09580-1
KDCQ7LYD;journalArticle;2024;"Barceló, M.A.; Perafita, X.; Saez, M.";Spatiotemporal variability in socioeconomic inequalities in COVID-19 vaccination in Catalonia, Spain;Public Health;10.1016/j.puhe.2023.11.024
FHPPZFDM;journalArticle;2024;"Ishii, K.; Ono, S.; Masago, T.; Ishizuki, M.; Mori, T.; Hanatsuka, Y.";Fine-Scaled Predictive Modeling of Road Surface Conditions and Temperature in Urban Areas;IEEE Transactions on Intelligent Transportation Systems;10.1109/TITS.2024.3433004
5EQV4XKH;journalArticle;2023;"Kosarevych, R.; Jonek-Kowalska, I.; Rusyn, B.; Sachenko, A.; Lutsyk, O.";Analysing Pine Disease Spread Using Random Point Process by Remote Sensing of a Forest Stand;Remote Sensing;10.3390/rs15163941
NSBQN3BU;journalArticle;2024;"Chen, B.; Chen, Z.; Liu, X.C.; Yi, Z.";Bayesian inference-based spatiotemporal modeling with interim activities for EV charging etiquette;Transportation Research Part D: Transport and Environment;10.1016/j.trd.2024.104060
F7BYPAIH;journalArticle;2023;"Herraiz, C.; Vicente, J.; Gortázar, C.; Acevedo, P.";Large scale spatio-temporal modelling of risk factors associated with tuberculosis exposure at the wildlife-livestock interface;Preventive Veterinary Medicine;10.1016/j.prevetmed.2023.106049
EMFP4VXL;journalArticle;2023;"Lindmark, M.; Anderson, S.C.; Gogina, M.; Casini, M.";Evaluating drivers of spatiotemporal variability in individual condition of a bottom-associated marine fish, Atlantic cod (Gadus morhua);ICES Journal of Marine Science;10.1093/icesjms/fsad084
A2S452XG;journalArticle;2024;"Foo, Y.; Flegg, J.A.";A spatio-temporal model of multi-marker antimalarial resistance;Journal of the Royal Society Interface;10.1098/rsif.2023.0570
BJRNAQKJ;journalArticle;2024;"Pasanen, T.-M.; Helske, J.; Högmander, H.; Ketola, T.";Spatio-temporal modeling of co-dynamics of smallpox, measles, and pertussis in pre-healthcare Finland;PeerJ;10.7717/peerj.18155
2RZ4MU7M;journalArticle;2023;"Olmos, M.; Ianelli, J.; Ciannelli, L.; Spies, I.; McGilliard, C.R.; Thorson, J.T.";Estimating climate-driven phenology shifts and survey availability using fishery-dependent data;Progress in Oceanography;10.1016/j.pocean.2023.103035
YCXNN7NA;journalArticle;2024;Barazzetti, L.;Spatio-temporal analysis of georeferenced time-series applied to structural monitoring;Journal of Civil Structural Health Monitoring;10.1007/s13349-023-00743-z
IZ3NJF37;journalArticle;2023;"Gayawan, E.; Somo-Aina, O.; Kuti, O.";Analysis of the space-time trends in open defecation in Nigeria;Environmental Science and Pollution Research;10.1007/s11356-023-26161-8
G3XD74BG;journalArticle;2023;"Modethed, W.; Singhla, T.; Boonsri, K.; Pringproa, K.; Sthitmatee, N.; Vinitchaikul, P.; Sansamur, C.; Kreausukon, K.; Punyapornwithaya, V.";Identifying the patterns and sizes of the first lumpy skin disease outbreak clusters in Northern Thailand with a high degree of dairy farm aggregation using spatio-temporal models;PLoS ONE;10.1371/journal.pone.0291692
9PH97VMF;journalArticle;2023;"McDonald, R.R.; Keith, D.M.; Sameoto, J.A.; Mills Flemming, J.";Integrating habitat features into spatio-temporal biomass dynamics models for a better understanding of stock productivity: a case study of sea scallop in the Bay of Fundy;ICES Journal of Marine Science;10.1093/icesjms/fsad103
942A9UFK;journalArticle;2023;"Katale, R.N.; Gemechu, D.B.";Spatio-temporal analysis of malaria incidence and its risk factors in North Namibia;Malaria Journal;10.1186/s12936-023-04577-4
9A8C52IX;journalArticle;2023;"Semakula, M.; Niragire, F.; Nsanzimana, S.; Remera, E.; Faes, C.";Spatio-temporal dynamic of the COVID-19 epidemic and the impact of imported cases in Rwanda;BMC Public Health;10.1186/s12889-023-15888-1
ZT4LHNEC;journalArticle;2023;"Shirzad, R.; Alesheikh, A.A.; Asgharzadeh, M.; Hoseini, B.; Lotfata, A.";Spatio-temporal modeling of human leptospirosis prevalence using the maximum entropy model;BMC Public Health;10.1186/s12889-023-17391-z
7XKCGTTW;journalArticle;2023;"García, J.A.; Acero, F.J.; Portero, J.";A Bayesian hierarchical spatio-temporal model for extreme temperatures in Extremadura (Spain) simulated by a Regional Climate Model;Climate Dynamics;10.1007/s00382-022-06638-x
4FD6GVC3;journalArticle;2023;"Valente, F.; Laurini, M.";A spatio-temporal analysis of fire occurrence patterns in the Brazilian Amazon;Scientific Reports;10.1038/s41598-023-39875-z
8UWZB8I5;journalArticle;2023;"Ma, S.; Yu, K.; Tang, M.-L.; Pan, J.; Härdle, W.K.; Tian, M.";A Bayesian multistage spatio-temporally dependent model for spatial clustering and variable selection;Statistics in Medicine;10.1002/sim.9889
K8IE39GH;journalArticle;2023;"Wang, H.; Molina, J.-M.; Dray-Spira, R.; Schmidt, A.J.; Hickson, F.; van de Vijver, D.; Jonas, K.J.";Spatio-temporal changes in pre-exposure prophylaxis uptake among MSM in mainland France between 2016 and 2021: a Bayesian small area approach with MSM population estimation;Journal of the International AIDS Society;10.1002/jia2.26089
JU37PPEQ;journalArticle;2023;Jankiewicz, M.;Regional economic growth and unemployment in the European Union – a spatio-temporal analysis at the NUTS-2 level (2013–2019);Hungarian Geographical Bulletin;10.15201/hungeobull.72.2.6
5K83I7M8;journalArticle;2023;"Nguyen, M.H.; Nguyen, T.H.T.; Molenberghs, G.; Abrams, S.; Hens, N.; Faes, C.";The impact of national and international travel on spatio-temporal transmission of SARS-CoV-2 in Belgium in 2021;BMC Infectious Diseases;10.1186/s12879-023-08368-9
G6QM4YWG;journalArticle;2023;"Dabral, A.; Shankhwar, R.; Martins-Ferreira, M.A.C.; Pandey, S.; Kant, R.; Meena, R.K.; Chandra, G.; Ginwal, H.S.; Thakur, P.K.; Bhandari, M.S.; Sahu, N.; Nayak, S.";Phenotypic, Geological, and Climatic Spatio-Temporal Analyses of an Exotic Grevillea robusta in the Northwestern Himalayas;Sustainability (Switzerland);10.3390/su151612292
4HDQCH6V;journalArticle;2023;"Teixeira, P.C.; Ordens, C.M.; McIntyre, N.; Pagliero, L.; Crosbie, R.";Spatio-temporal distribution of atmospheric chloride deposition over a small island;Hydrological Processes;10.1002/hyp.15052
KGH5UCNJ;journalArticle;2023;"Han, Q.; Shan, X.; Jin, X.; Gorfine, H.";Overcoming gaps in a seasonal time series of Japanese anchovy abundance to analyse interannual trends;Ecological Indicators;10.1016/j.ecolind.2023.110189
9DBND7XB;journalArticle;2023;"Palma, M.; Maggio, S.; Cappello, C.; Congedi, A.; De Iaco, S.";Spatio-temporal modeling of groundwater quality deterioration and resource depletion;Hydrogeology Journal;10.1007/s10040-023-02692-9
G3YBBZKG;journalArticle;2023;"Grüss, A.; Charsley, A.R.; Thorson, J.T.; Anderson, O.F.; O'Driscoll, R.L.; Wood, B.; Breivik, O.N.; O'Leary, C.A.";Integrating survey and observer data improves the predictions of New Zealand spatio-temporal models;ICES Journal of Marine Science;10.1093/icesjms/fsad129
V448974C;journalArticle;2023;"Orozco-Acosta, E.; Riebler, A.; Adin, A.; Ugarte, M.D.";A scalable approach for short-term disease forecasting in high spatial resolution areal data;Biometrical Journal;10.1002/bimj.202300096
743WZYN2;journalArticle;2023;"Hosseini-Shokouh, S.-M.; Ghanei, M.; Mousavi, B.; Bagheri, H.; Bahadori, M.; Meskarpour-Amiri, M.; Mehdizadeh, P.";Social disparities and inequalities in healthcare access and expenditures among Iranians exposed to sulfur mustard: a national study using spatio-temporal analysis;BMC Health Services Research;10.1186/s12913-023-10352-7
CNFS7989;journalArticle;2023;"Liu, X.; Sun, Y.; Yin, Y.; Dai, X.; Bergquist, R.; Gao, F.; Liu, R.; Liu, J.; Wang, F.; Lv, X.; Zhang, Z.";Influence of urbanization on schistosomiasis infection risk in Anhui Province based on sixteen year's longitudinal surveillance data: a spatio-temporal modelling study;Infectious Diseases of Poverty;10.1186/s40249-023-01163-3
2FSCALHS;journalArticle;2023;"Espinasse, M.; Mikkelsen, E.; Sørbye, S.H.; Skern-Mauritzen, M.; Falk-Andersson, J.; Fauchald, P.";Seafood production in Northern Norway: Analyzing variation and co-development in aquaculture and coastal fisheries;Marine Policy;10.1016/j.marpol.2023.105777
I5MWS8JK;journalArticle;2023;"Fard, P.; Chung, M.K.J.; Estiri, H.; Patel, C.J.";Spatio-temporal interpolation and delineation of extreme heat events in California between 2017 and 2021;Environmental Research;10.1016/j.envres.2023.116984
V64HQ6UX;journalArticle;2023;"Vicente, G.; Goicoa, T.; Ugarte, M.D.";Multivariate Bayesian spatio-temporal P-spline models to analyze crimes against women;Biostatistics;10.1093/biostatistics/kxab042
Z98SXLP4;journalArticle;2023;"Zhan, Y.; Gu, H.; Li, X.";Study on association factors of intestinal infectious diseases based-Bayesian spatio-temporal model;BMC Infectious Diseases;10.1186/s12879-023-08665-3
286CVFIF;journalArticle;2023;"Nguyen, V.-A.; Bartels, D.W.; Gilligan, C.A.";Modelling the spread and mitigation of an emerging vector-borne pathogen: Citrus greening in the U.S.;PLoS Computational Biology;10.1371/journal.pcbi.1010156
YVRIYVCP;journalArticle;2022;"Kolář, J.; Macek, M.; Tkáč, P.; Novák, D.; Abraham, V.";Long-term demographic trends and spatio-temporal distribution of past human activity in Central Europe: Comparison of archaeological and palaeoecological proxies;Quaternary Science Reviews;10.1016/j.quascirev.2022.107834
XTWUJTKC;journalArticle;2022;"Ayele, G.T.; Seka, A.M.; Taddese, H.; Jemberrie, M.A.; Ndehedehe, C.E.; Demissie, S.S.; Awange, J.L.; Jeong, J.; Hamilton, D.P.; Melesse, A.M.";Relationship of Attributes of Soil and Topography with Land Cover Change in the Rift Valley Basin of Ethiopia;Remote Sensing;10.3390/rs14143257
W4GY5Q3X;journalArticle;2022;"Zhang, B.; Li, F.; Sang, H.; Cressie, N.";Inferring Changes in Arctic Sea Ice through a Spatio-Temporal Logistic Autoregression Fitted to Remote-Sensing Data;Remote Sensing;10.3390/rs14235995
VUDBU6CA;journalArticle;2023;"Adams, J.; Khan, N.; Morris, A.; Elhabian, S.";Learning spatiotemporal statistical shape models for non-linear dynamic anatomies;Frontiers in Bioengineering and Biotechnology;10.3389/fbioe.2023.1086234
MMG2L8RM;journalArticle;2022;"Briz-Redón, Á.; Serrano-Aroca, Á.";On the association between COVID-19 vaccination levels and incidence and lethality rates at a regional scale in Spain;Stochastic Environmental Research and Risk Assessment;10.1007/s00477-021-02166-y
PDV2MCYD;journalArticle;2023;"Armando, C.J.; Rocklöv, J.; Sidat, M.; Tozan, Y.; Mavume, A.F.; Bunker, A.; Sewes, M.O.";Climate variability, socio-economic conditions and vulnerability to malaria infections in Mozambique 2016–2018: a spatial temporal analysis;Frontiers in Public Health;10.3389/fpubh.2023.1162535
JEX7CNLT;journalArticle;2022;"Suzuki, K.K.; Kuwano, Y.; Kanamori, Y.; Kawauchi, Y.; Uchimura, Y.; Yasuda, M.; Kondoh, H.; Oka, T.";A 25-Year Study of the Population Dynamics of a Harvested Population of Sika Deer on Kyushu Island, Japan;Forests;10.3390/f13050760
QGVP3PAD;journalArticle;2023;"Li, G.; Denise, H.; Diggle, P.; Grimsley, J.; Holmes, C.; James, D.; Jersakova, R.; Mole, C.; Nicholson, G.; Smith, C.R.; Richardson, S.; Rowe, W.; Rowlingson, B.; Torabi, F.; Wade, M.J.; Blangiardo, M.";A spatio-temporal framework for modelling wastewater concentration during the COVID-19 pandemic;Environment International;10.1016/j.envint.2023.107765
BDKN66DU;journalArticle;2022;"Di Biagio, K.; Baldini, M.; Dolcini, J.; Serafini, P.; Sarti, D.; Dorillo, I.; Ranzi, A.; Settimo, G.; Bartolacci, S.; Simeoni, T.V.; Prospero, E.";Atmospheric particulate matter effects on SARS-CoV-2 infection and spreading dynamics: A spatio-temporal point process model;Environmental Research;10.1016/j.envres.2022.113617
A5RKSGSQ;journalArticle;2022;"Ibeji, J.U.; Mwambi, H.; Iddrisu, A.-K.";Bayesian spatio-temporal modelling and mapping of malaria and anaemia among children between 0 and 59 months in Nigeria;Malaria Journal;10.1186/s12936-022-04319-y
2EF2BIQ3;journalArticle;2023;"Leandro, A.D.S.; Ayala, M.J.C.; Lopes, R.D.; Martins, C.A.; Maciel-de-Freitas, R.; Villela, D.A.M.";Entomo-Virological Aedes aegypti Surveillance Applied for Prediction of Dengue Transmission: A Spatio-Temporal Modeling Study;Pathogens;10.3390/pathogens12010004
9YLTFD6W;journalArticle;2022;"Barak-Ventura, R.; Marín, M.R.; Porfiri, M.";A spatiotemporal model of firearm ownership in the United States;Patterns;10.1016/j.patter.2022.100546
3PCM5L2M;journalArticle;2023;"Li, H.; Liang, D.; Zhou, Y.; Shi, Y.; Feng, D.; Shi, S.";Spatiotemporal charging demand models for electric vehicles considering user strategies;Frontiers in Energy Research;10.3389/fenrg.2022.1013154
ASBJ7XF2;journalArticle;2022;"Celani, A.; Giudici, P.";Endemic–epidemic models to understand COVID-19 spatio-temporal evolution;Spatial Statistics;10.1016/j.spasta.2021.100528
9XMS72ET;journalArticle;2022;"Santos-Fernandez, E.; Ver Hoef, J.M.; Peterson, E.E.; McGree, J.; Isaak, D.J.; Mengersen, K.";Bayesian spatio-temporal models for stream networks;Computational Statistics and Data Analysis;10.1016/j.csda.2022.107446
7F4PNJB5;journalArticle;2023;"Amaral, A.V.R.; González, J.A.; Moraga, P.";Spatio-temporal modeling of infectious diseases by integrating compartment and point process models;Stochastic Environmental Research and Risk Assessment;10.1007/s00477-022-02354-4
STW8T49S;journalArticle;2022;"Fairbanks, E.L.; Baylis, M.; Daly, J.M.; Tildesley, M.J.";Inference for a spatio-temporal model with partial spatial data: African horse sickness virus in Morocco;Epidemics;10.1016/j.epidem.2022.100566
2FC4VRUJ;journalArticle;2022;"Saez, M.; Barceló, M.A.";Spatial prediction of air pollution levels using a hierarchical Bayesian spatiotemporal model in Catalonia, Spain;Environmental Modelling and Software;10.1016/j.envsoft.2022.105369
H3VIEDEH;journalArticle;2023;"Jeong, J.; Kim, M.; Choi, J.";Investigating the spatio-temporal variation of hepatitis A in Korea using a Bayesian model;Frontiers in Public Health;10.3389/fpubh.2022.1085077
MYLKNLFF;journalArticle;2022;"Campbell, L.P.; Guralnick, R.P.; Giordano, B.V.; Sallam, M.F.; Bauer, A.M.; Tavares, Y.; Allen, J.M.; Efstathion, C.; Bartlett, S.; Wishard, R.; Xue, R.-D.; Allen, B.; Tressler, M.; Qualls, W.; Burkett-Cadena, N.D.";Spatiotemporal Modeling of Zoonotic Arbovirus Transmission in Northeastern Florida Using Sentinel Chicken Surveillance and Earth Observation Data;Remote Sensing;10.3390/rs14143388
8N54AVNN;journalArticle;2022;"Omori, K.L.; Thorson, J.T.";Identifying species complexes based on spatial and temporal clustering from joint dynamic species distribution models;ICES Journal of Marine Science;10.1093/icesjms/fsac015
LXP48ZS9;journalArticle;2022;"Punyapornwithaya, V.; Seesupa, S.; Phuykhamsingha, S.; Arjkumpa, O.; Sansamur, C.; Jarassaeng, C.";Spatio-temporal patterns of lumpy skin disease outbreaks in dairy farms in northeastern Thailand;Frontiers in Veterinary Science;10.3389/fvets.2022.957306
IV6ZWIRB;journalArticle;2022;"Jana, S.; Fu, S.H.; Gelband, H.; Brown, P.; Jha, P.";Spatio-temporal modelling of malaria mortality in India from 2004 to 2013 from the Million Death Study;Malaria Journal;10.1186/s12936-022-04112-x
Y7IUXM2A;journalArticle;2021;"Holcomb, K.M.; Reiner, R.C.; Barker, C.M.";Spatio-temporal impacts of aerial adulticide applications on populations of West Nile virus vector mosquitoes;Parasites and Vectors;10.1186/s13071-021-04616-6
TCULXRZ5;journalArticle;2022;"Briz-Redón, Á.; Iftimi, A.; Correcher, J.F.; De Andrés, J.; Lozano, M.; Romero-García, C.";A comparison of multiple neighborhood matrix specifications for spatio-temporal model fitting: a case study on COVID-19 data;Stochastic Environmental Research and Risk Assessment;10.1007/s00477-021-02077-y
WM4BESRV;journalArticle;2021;"Freitas, L.P.; Schmidt, A.M.; Cossich, W.; Cruz, O.G.; Carvalho, M.S.";Spatio-temporal modelling of the first chikungunya epidemic in an intra-urban setting: The role of socioeconomic status, environment and temperature;PLoS Neglected Tropical Diseases;10.1371/journal.pntd.0009537
Z5YBJCWA;journalArticle;2021;"Naik, R.; Sharma, L.";Spatio-temporal modelling for the evaluation of an altered Indian saline Ramsar site and its drivers for ecosystem management and restoration;PLoS ONE;10.1371/journal.pone.0248543
G9T8B9HB;journalArticle;2021;"Choi, B.; Bergés, M.; Bou-Zeid, E.; Pozzi, M.";Short-term probabilistic forecasting of meso-scale near-surface urban temperature fields;Environmental Modelling and Software;10.1016/j.envsoft.2021.105189
J4MBMVJ7;journalArticle;2021;"Saavedra, P.; Santana, A.; Bello, L.; Pacheco, J.-M.; Sanjuán, E.";A Bayesian spatio-temporal analysis of mortality rates in Spain: application to the COVID-19 2020 outbreak;Population Health Metrics;10.1186/s12963-021-00259-y
6CKUBS22;journalArticle;2022;"Neupane, N.; Peruzzi, M.; Arab, A.; Mayor, S.J.; Withey, J.C.; Ries, L.; Finley, A.O.";A novel model to accurately predict continental-scale timing of forest green-up;International Journal of Applied Earth Observation and Geoinformation;10.1016/j.jag.2022.102747
YSJB4FWG;journalArticle;2021;Jankiewicz, M.;The convergence of energy use from renewable sources in the european countries: Spatio-temporal approach;Energies;10.3390/en14248378
WQHT39F3;journalArticle;2021;"Unosson, M.; Brancaccio, M.; Hastings, M.; Johansen, A.M.; Finkenstädt, B.";A spatio-temporal model to reveal oscillator phenotypes in molecular clocks: Parameter estimation elucidates circadian gene transcription dynamics in single-cells;PLoS Computational Biology;10.1371/journal.pcbi.1009698
5UQH8RMA;journalArticle;2021;"Beloconi, A.; Probst-Hensch, N.M.; Vounatsou, P.";Spatio-temporal modelling of changes in air pollution exposure associated to the COVID-19 lockdown measures across Europe;Science of the Total Environment;10.1016/j.scitotenv.2021.147607
TUUWU9Y9;journalArticle;2021;"Liu, B.; Zhu, L.; Zou, J.; Chen, H.-S.; Miller, K.D.; Jemal, A.; Siegel, R.L.; Feuer, E.J.";Updated methodology for projecting U.S.- And state-level cancer counts for the current calendar year: Part i: Spatio-temporal modeling for cancer incidence;Cancer Epidemiology Biomarkers and Prevention;10.1158/1055-9965.EPI-20-1727
TTMM7Z97;journalArticle;2021;"Tang, S.; Shi, L.; Chen, W.; Zhao, P.; Zheng, H.; Yang, B.; Wang, C.; Ling, L.";Spatiotemporal distribution and sociodemographic and socioeconomic factors associated with primary and secondary syphilis in guangdong, china, 2005–2017;PLoS Neglected Tropical Diseases;10.1371/journal.pntd.0009621
XYNHE3HB;journalArticle;2021;"Kong, L.; Hu, Y.; Wang, Q.; Chen, X.; Yao, T.; Wang, Y.; Jin, H.; Fan, L.; Du, W.";Could COVID-19 pandemic be stopped with joint efforts of travel restrictions and public health countermeasures? A modelling study;BMJ Open;10.1136/bmjopen-2020-046157
XCXUXGJF;journalArticle;2021;"Valente, F.; Laurini, M.";Pre-harvest sugarcane burning: A statistical analysis of the environmental impacts of a regulatory change in the energy sector;Cleaner Engineering and Technology;10.1016/j.clet.2021.100255
FRUKNPZT;journalArticle;2021;"Carroll, R.; Prentice, C.R.";Community vulnerability and mobility: What matters most in spatio-temporal modeling of the COVID-19 pandemic?;Social Science and Medicine;10.1016/j.socscimed.2021.114395
TYJT9PYV;journalArticle;2022;"Deslatte, A.; Szmigiel-Rawska, K.; Tavares, A.F.; Ślawska, J.; Karsznia, I.; Łukomska, J.";Land use institutions and social-ecological systems: A spatial analysis of local landscape changes in Poland;Land Use Policy;10.1016/j.landusepol.2021.105937
TND7XT47;journalArticle;2022;"Gaeta, A.; Leone, G.; Di Bucchianico, A.D.M.; Cusano, M.; Gaddi, R.; Pelliccioni, A.; Reatini, M.A.; Bernardino, A.D.; Cattani, G.";Spatio-temporal modeling of small-scale ultrafine particle variability using generalized additive models;Sustainability (Switzerland);10.3390/su14010313
ZKVA9H6K;journalArticle;2021;Briz-Redón, Á.;The impact of modelling choices on modelling outcomes: a spatio-temporal study of the association between COVID-19 spread and environmental conditions in Catalonia (Spain);Stochastic Environmental Research and Risk Assessment;10.1007/s00477-020-01965-z
LACSHAPM;journalArticle;2021;"Lome-Hurtado, A.; Li, G.; Touza-Montero, J.; White, P.C.L.";Patterns of low birth weight in greater Mexico City: A Bayesian spatio-temporal analysis;Applied Geography;10.1016/j.apgeog.2021.102521
6L2HYBUZ;journalArticle;2021;"Roy, S.; Biswas, P.; Ghosh, P.";Quantifying Mobility and Mixing Propensity in the Spatiotemporal Context of a Pandemic Spread;IEEE Transactions on Emerging Topics in Computational Intelligence;10.1109/TETCI.2021.3059007
UWKI5WST;journalArticle;2022;"Bai, Y.; Safikhani, A.; Michailidis, G.";Hybrid Modeling of Regional COVID-19 Transmission Dynamics in the U.S.;IEEE Journal on Selected Topics in Signal Processing;10.1109/JSTSP.2022.3140703
P5YKJ8SA;journalArticle;2022;"Tan, S.; Wang, Y.; Yuan, Q.; Zheng, L.; Li, T.; Shen, H.; Zhang, L.";Reconstructing global PM2.5monitoring dataset from OpenAQ using a two-step spatio-temporal model based on SES-IDW and LSTM;Environmental Research Letters;10.1088/1748-9326/ac52c9
GCIV2AQX;journalArticle;2022;"Iddrisu, A.-K.; A Amikiya, E.; Kwame Bukari, F.";Spatio-temporal characteristics of Tuberculosis in Ghana;F1000Research;10.12688/f1000research.109053.2
M5KP5TA4;journalArticle;2022;"Tian, S.; Renzullo, L.J.; Lerat, J.; Pipunic, R.C.";Spatio-Temporal Model Variance-Covariance Approach to Assimilating Streamflow Observations Into a Distributed Landscape Water Balance Model;Water Resources Research;10.1029/2021WR031649
UW2N9VBC;journalArticle;2021;"Danwang, C.; Khalil, É.; Achu, D.; Ateba, M.; Abomabo, M.; Souopgui, J.; De Keukeleire, M.; Robert, A.";Fine scale analysis of malaria incidence in under-5: hierarchical Bayesian spatio-temporal modelling of routinely collected malaria data between 2012–2018 in Cameroon;Scientific Reports;10.1038/s41598-021-90997-8
SWEWQH4D;journalArticle;2021;"Gómez, A.M.; Serre, M.; Wise, E.; Pavelsky, T.";Integrating Community Science Research and Space-Time Mapping to Determine Depth to Groundwater in a Remote Rural Region;Water Resources Research;10.1029/2020WR029519
AY49FPWG;journalArticle;2021;"Huang, J.; Lu, X.; Liu, H.; Zong, S.";The driving forces of anoplophora glabripennis have spatial spillover effects;Forests;10.3390/f12121678
CJP4DA7F;journalArticle;2021;"Otto, P.; Piter, A.; Gijsman, R.";Statistical analysis of beach profiles – A spatiotemporal functional approach;Coastal Engineering;10.1016/j.coastaleng.2021.103999
ZQ6V4Y7E;journalArticle;2021;"Dambrine, C.; Woillez, M.; Huret, M.; de Pontual, H.";Characterising Essential Fish Habitat using spatio-temporal analysis of fishery data: A case study of the European seabass spawning areas;Fisheries Oceanography;10.1111/fog.12527
3SDK25ZS;journalArticle;2021;"O'Hara, K.C.; Pires, A.F.A.; Martínez-López, B.";Evaluating the association between climatic factors and sheep condemnations in the United States using cluster analysis and spatio-temporal modeling;Preventive Veterinary Medicine;10.1016/j.prevetmed.2021.105342
R9YI4KZ3;journalArticle;2021;"Fioravanti, G.; Martino, S.; Cameletti, M.; Cattani, G.";Spatio-temporal modelling of PM10 daily concentrations in Italy using the SPDE approach;Atmospheric Environment;10.1016/j.atmosenv.2021.118192
ERKQMITE;journalArticle;2021;"Rahimi, F.; Sadeghi-Niaraki, A.; Ghodousi, M.; Choi, S.-M.";Modeling population spatial-temporal distribution using taxis origin and destination data;Sustainability (Switzerland);10.3390/su13073727
AZCMFPCN;journalArticle;2021;"Griffith, D.; Li, B.";Spatial-temporal modeling of initial COVID-19 diffusion: The cases of the Chinese Mainland and Conterminous United States;Geo-Spatial Information Science;10.1080/10095020.2021.1937338
6FSRX77C;journalArticle;2021;"Sun, H.; Dickens, B.L.; Richards, D.; Ong, J.; Rajarethinam, J.; Hassim, M.E.E.; Lim, J.T.; Carrasco, L.R.; Aik, J.; Yap, G.; Cook, A.R.; Ng, L.C.";Spatio-temporal analysis of the main dengue vector populations in Singapore;Parasites and Vectors;10.1186/s13071-020-04554-9
GM5TYKX8;journalArticle;2021;"Holst, C.; Neuner, H.";Spatio-temporal models for vibration monitoring of elongated structures using profile laser scans;Remote Sensing;10.3390/rs13071369
T3UNRHXM;journalArticle;2021;"Ngwira, A.; Kumwenda, F.; Munthali, E.C.S.; Nkolokosa, D.";Spatial temporal distribution of COVID-19 risk during the early phase of the pandemic in Malawi;PeerJ;10.7717/peerj.11003
MWT8CUPL;journalArticle;2021;"Fernández, D.; Giné-Vázquez, I.; Liu, I.; Yucel, R.; Nai Ruscone, M.; Morena, M.; García, V.G.; Haro, J.M.; Pan, W.; Tyrovolas, S.";Are environmental pollution and biodiversity levels associated to the spread and mortality of COVID-19? A four-month global analysis;Environmental Pollution;10.1016/j.envpol.2020.116326
CQD9GI2U;journalArticle;2021;"Nnanatu, C.C.; Atilola, G.; Komba, P.; Mavatikua, L.; Moore, Z.; Matanda, D.; Obianwu, O.; Kandala, N.-B.";Evaluating changes in the prevalence of female genital mutilation/cutting among 0-14 years old girls in Nigeria using data from multiple surveys: A novel Bayesian hierarchical spatio-temporal model;PLoS ONE;10.1371/journal.pone.0246661
AT7UK237;journalArticle;2021;"Martenies, S.E.; Keller, J.P.; WeMott, S.; Kuiper, G.; Ross, Z.; Allshouse, W.B.; Adgate, J.L.; Starling, A.P.; Dabelea, D.; Magzamen, S.";A Spatiotemporal Prediction Model for Black Carbon in the Denver Metropolitan Area, 2009-2020;Environmental Science and Technology;10.1021/acs.est.0c06451
5CUWBSAZ;journalArticle;2021;"Rerolle, F.; Dantzer, E.; Lover, A.; Marshall, J.M.; Hongvanthong, B.; Sturrock, H.J.W.; Bennett, A.";Spatio-temporal associations between deforestation and malaria incidence in Lao Pdr.;eLife;10.7554/eLife.56974
H4YXJKPJ;journalArticle;2021;"Thorson, J.T.; Arimitsu, M.L.; Barnett, L.A.K.; Cheng, W.; Eisner, L.B.; Haynie, A.C.; Hermann, A.J.; Holsman, K.; Kimmel, D.G.; Lomas, M.W.; Richar, J.; Siddon, E.C.";Forecasting community reassembly using climate-linked spatio-temporal ecosystem models;Ecography;10.1111/ecog.05471
RAWJIXMZ;journalArticle;2021;"Freshwater, C.; Anderson, S.C.; Beacham, T.D.; Luedke, W.; Wor, C.; King, J.";An integrated model of seasonal changes in stock composition and abundance with an application to Chinook salmon;PeerJ;10.7717/peerj.11163
J5ETAXI3;journalArticle;2021;"Agoua, X.G.; Girard, R.; Kariniotakis, G.";Photovoltaic power forecasting: Assessment of the impact of multiple sources of spatio-temporal data on forecast accuracy;Energies;10.3390/en14051432
SMYR9QHV;journalArticle;2021;"Jalilian, A.; Mateu, J.";A hierarchical spatio-temporal model to analyze relative risk variations of COVID-19: a focus on Spain, Italy and Germany;Stochastic Environmental Research and Risk Assessment;10.1007/s00477-021-02003-2
8KR8N9QM;journalArticle;2021;"Tayebzadeh Moghadam, N.; Abbaspour, K.C.; Malekmohammadi, B.; Schirmer, M.; Yavari, A.R.";Spatiotemporal Modelling of Water Balance Components in Response to Climate and Landuse Changes in a Heterogeneous Mountainous Catchment;Water Resources Management;10.1007/s11269-020-02735-w
HQ5MBYQM;journalArticle;2023;"Sun, SQ; Tu, YQ";Impact of financial inclusion on the urban-rural income gap-Based on the spatial panel data model;FINANCE RESEARCH LETTERS;10.1016/j.frl.2023.103659
4VEVAHMX;journalArticle;2023;Guliyev, H;Associations of (un)observed factors and gender inequality in European countries: Evidence from spatial panel data model;APPLIED GEOGRAPHY;10.1016/j.apgeog.2023.103066
B6I2A27V;journalArticle;2021;"Safikhani, A; Kamga, C; Mudigonda, S; Faghih, SS; Moghimi, B";Spatio-temporal modeling of yellow taxi demands in New York City using generalized STAR models;INTERNATIONAL JOURNAL OF FORECASTING;
KGZRMS7A;journalArticle;2023;"Costantino, S; Cracolici, MF; Elhorst, JP";A spatial origin-destination approach for the analysis of local tourism demand in Italy;PAPERS IN REGIONAL SCIENCE;10.1111/pirs.12726
SPZ5IKAN;journalArticle;2021;"Bai, JS; Li, KP";Dynamic spatial panel data models with common shocks;JOURNAL OF ECONOMETRICS;10.1016/j.jeconom.2020.12.002
EJZLNB2J;journalArticle;2023;"Liu, LC; Pang, X";A Bayesian multifactor spatio-temporal model for estimating time-varying network interdependence;POLITICAL SCIENCE RESEARCH AND METHODS;10.1017/psrm.2022.47
QR3ZSLPC;journalArticle;2021;"Wang, ZS; Yue, Y; He, B; Nie, K; Tu, W; Du, QY; Li, QQ";A Bayesian spatio-temporal model to analyzing the stability of patterns of population distribution in an urban space using mobile phone data;INTERNATIONAL JOURNAL OF GEOGRAPHICAL INFORMATION SCIENCE;10.1080/13658816.2020.1798967
HMZZWWC6;journalArticle;2021;"Jiang, L; Zhou, HF; He, SX; Cui, YZ; Wang, JH";Identifying the driving factors of NO2 pollution of One Belt One Road countries: satellite observation technique and dynamic spatial panel data analysis;ENVIRONMENTAL SCIENCE AND POLLUTION RESEARCH;10.1007/s11356-020-12113-z
UARUYFJZ;journalArticle;2023;"Zaouche, M; Bode, NWF";Bayesian spatio-temporal models for mapping urban pedestrian traffic;JOURNAL OF TRANSPORT GEOGRAPHY;10.1016/j.jtrangeo.2023.103647
53G9C5BX;journalArticle;2022;"Yu, Z; Yu, KM; Härdle, WK; Zhang, XL; Wang, K; Tian, MZ";Bayesian spatio-temporal modeling for the inpatient hospital costs of alcohol-related disorders;JOURNAL OF THE ROYAL STATISTICAL SOCIETY SERIES A-STATISTICS IN SOCIETY;10.1111/rssa.12963
UAS6VAPI;journalArticle;2023;"Lozano, JE; Elofsson, K; Surry, Y; Marbuah, G";Spatio-Temporal Analysis of Game Harvests in Sweden;ENVIRONMENTAL & RESOURCE ECONOMICS;10.1007/s10640-023-00770-w
9VCIA8G6;journalArticle;2025;"Emili, S; Galli, F";Capturing Inter and Intra Sectoral Productivity Spillovers in Industrial Filière: A System of Dynamic Spatial Panel Data Models;JOURNAL OF REGIONAL SCIENCE;10.1111/jors.12757
6LW7U72N;journalArticle;2023;"Berloco, C; Argiento, R; Montagna, S";Forecasting short-term defaults of firms in a commercial network via Bayesian spatial and spatio-temporal methods;INTERNATIONAL JOURNAL OF FORECASTING;10.1016/j.ijforecast.2022.05.003
6VIC73WJ;journalArticle;2021;"Maia, AG; Lu, Y";Migration and Democratization in Brazil: The Case of Electoral Participation and Competition;DEMOGRAPHY;10.1215/00703370-8937033
VVZZTNNQ;journalArticle;2022;"Dai, L; Zhang, JJ; Luo, SG";Effective R&D capital and total factor productivity: Evidence using spatial panel data models;TECHNOLOGICAL FORECASTING AND SOCIAL CHANGE;10.1016/j.techfore.2022.121886
VXSIMM5Y;journalArticle;2022;"Hatami, F; Thill, JC";Spatiotemporal Evaluation of the Built Environment's Impact on Commuting Duration;SUSTAINABILITY;10.3390/su14127179
FBAJ64UI;journalArticle;2021;"Nian, GY; Sun, J; Huang, JY";Exploring the Effects of Urban Built Environment on Road Travel Speed Variability with a Spatial Panel Data Model;ISPRS INTERNATIONAL JOURNAL OF GEO-INFORMATION;10.3390/ijgi10120829
C9U34AJH;journalArticle;2025;"Zhang, YZ; Chang, HH; Iuliano, AD; Reed, C";A Bayesian spatial-temporal varying coefficients model for estimating excess deaths associated with respiratory infections;JOURNAL OF THE ROYAL STATISTICAL SOCIETY SERIES A-STATISTICS IN SOCIETY;10.1093/jrsssa/qnae079
SDQSYXNF;journalArticle;2024;"Belbe, S; Moldovan, D; Andries, AM; Otto, P; Mare, C";Evaluation of the space-time effects of Covid-19 on household loans and savings in Romania- A spatial panel data approach at county level;EMERGING MARKETS REVIEW;10.1016/j.ememar.2024.101209
JF4NSXQ7;journalArticle;2021;"Sohn, W; Bae, J; Newman, G";Green infrastructure for coastal flood protection: The longitudinal impacts of green infrastructure patterns on flood damage;APPLIED GEOGRAPHY;10.1016/j.apgeog.2021.102565
28BMG47K;journalArticle;2021;"Shao, HY; Sun, XF; Lin, Y; Xian, W; Zhou, YZ; Yuan, LG; Qi, JG";A method for spatio-temporal process assessment of eco-geological environmental security in mining areas using catastrophe theory and projection pursuit model;PROGRESS IN PHYSICAL GEOGRAPHY-EARTH AND ENVIRONMENT;10.1177/0309133320982542
762YTK2F;journalArticle;2022;"Elhorst, JP; Emili, S";A spatial econometric multivariate model of Okun's law;REGIONAL SCIENCE AND URBAN ECONOMICS;10.1016/j.regsciurbeco.2021.103756
SQLT7YSB;journalArticle;2022;"Sanjuán, LG; Díaz, FS; Rovira, BM";"The ""Megalithisation"" of Iberia: A spatio-temporal model";ANTHROPOLOGIE;10.1016/j.anthro.2022.103072
8S34XHHA;journalArticle;2022;"Hunneman, A; Elhorst, JP; Bijmolt, THA";Store sales evaluation and prediction using spatial panel data models of sales components;SPATIAL ECONOMIC ANALYSIS;10.1080/17421772.2021.1916574
CYZ74PN9;journalArticle;2022;"Lymperopoulou, K; Bannister, J; Krzemieniewska-Nandwani, K";Inequality in Exposure to Crime, Social Disorganization and Collective Efficacy: Evidence from Greater Manchester, United Kingdom;BRITISH JOURNAL OF CRIMINOLOGY;10.1093/bjc/azab106
Z3WUTAIV;journalArticle;2022;"Nicoletta, V; Guglielmi, A; Ruiz, A; Bélanger, V; Lanzarone, E";Bayesian spatio-temporal modelling and prediction of areal demands for ambulance services;IMA JOURNAL OF MANAGEMENT MATHEMATICS;10.1093/imaman/dpaa028
XP6XY4ZM;journalArticle;2021;Yang, CF;Common factors and spatial dependence: an application to US house prices;ECONOMETRIC REVIEWS;10.1080/07474938.2020.1741785
VRIPYG74;journalArticle;2021;"Baldoni, E; Esposti, R";Agricultural Productivity in Space: an Econometric Assessment Based on Farm-Level DataJEL codes;AMERICAN JOURNAL OF AGRICULTURAL ECONOMICS;10.1111/ajae.12155
LM8JUHYH;journalArticle;2025;"Racek, D; Thurner, PW; Kauermann, G";Capturing the spatio-temporal diffusion effects of armed conflict: A nonparametric smoothing approach;JOURNAL OF THE ROYAL STATISTICAL SOCIETY SERIES A-STATISTICS IN SOCIETY;10.1093/jrsssa/qnaf120
URTF8TDP;journalArticle;2021;"Hill, RJ; Rambaldi, AN; Scholz, M";Higher frequency hedonic property price indices: a state-space approach;EMPIRICAL ECONOMICS;10.1007/s00181-020-01862-y
B3CDAYZB;journalArticle;2023;"Alvarado, R; Ortiz, C; Cuesta, L; Tillaguango, B";Spillovers impact of institutional and economic factors in energy intensity;SUSTAINABLE DEVELOPMENT;10.1002/sd.2485
T8TJ9CYR;journalArticle;2023;"Mattera, R; Franses, PH";Are African business cycles synchronized? Evidence from spatio-temporal modeling;ECONOMIC MODELLING;10.1016/j.econmod.2023.106485
PVISAAXX;journalArticle;2024;Pietak, L;Effect of regional disparities on national economic growth. A spatial panel data evidence from EU countries in 2000-2020;JOURNAL OF ECONOMIC INEQUALITY;10.1007/s10888-024-09658-1
JYHFZZTK;journalArticle;2021;"Bakis, ALP; Macovei, I; Barros, P; Gomes, C; Carvalho, D; Cabral, JA; Travassos, P; Torres, L; Aranha, J; Galatchi, LD; Santos, M";Is biodiversity linked with farm management options in vineyard landscapes? A case study combining ecological indicators within a hybrid modelling framework;ECOLOGICAL INDICATORS;10.1016/j.ecolind.2020.107012
YRHEZSRN;journalArticle;2024;Tepe, E;History, neighborhood, and proximity as factors of land-use change: A dynamic spatial regression model;ENVIRONMENT AND PLANNING B-URBAN ANALYTICS AND CITY SCIENCE;10.1177/23998083231164397
AAMVMRZH;journalArticle;2021;"Maia, AG; Eusebio, GD; Fasiaben, MDR; Moraes, AS; Assad, ED; Pugliero, VS";The economic impacts of the diffusion of agroforestry in Brazil;LAND USE POLICY;10.1016/j.landusepol.2021.105489
FXJ2ARIR;journalArticle;2022;"Bracher, J; Held, L";Endemic-epidemic models with discrete-time serial interval distributions for infectious disease prediction;INTERNATIONAL JOURNAL OF FORECASTING;10.1016/j.ijforecast.2020.07.002
XTVX4EZN;journalArticle;2025;"Mattera, R; Franses, PH";Forecasting house price growth rates with factor models and spatio-temporal clustering;INTERNATIONAL JOURNAL OF FORECASTING;10.1016/j.ijforecast.2024.09.003
AZDQTIEM;journalArticle;2021;"McLaughlin, TR; Gómez-Puche, M; Cascalheira, J; Bicho, N; de Pablo, JFL";Late Glacial and Early Holocene human demographic responses to climatic and environmental change in Atlantic Iberia;PHILOSOPHICAL TRANSACTIONS OF THE ROYAL SOCIETY B-BIOLOGICAL SCIENCES;10.1098/rstb.2019.0724
A73WNMM4;journalArticle;2021;"Schliep, EM; Gelfand, AE; Abaurrea, J; Asín, J; Beamonte, MA; Cebrián, AC";Long-term spatial modelling for characteristics of extreme heat events;JOURNAL OF THE ROYAL STATISTICAL SOCIETY SERIES A-STATISTICS IN SOCIETY;10.1111/rssa.12710
SBK7C68D;journalArticle;2023;"Chen, ZY; Deng, XY; Zou, Y; He, Y; Chen, SJ; Wang, QT; Xing, DG; Zhang, Y";A Spatio-temporal Bayesian model to estimate risk and influencing factors related to tuberculosis in Chongqing, China, 2014-2020;ARCHIVES OF PUBLIC HEALTH;10.1186/s13690-023-01044-z
PNGTUDUC;journalArticle;2022;"Frith, MJ; Bowers, KJ; Johnson, SD";Household occupancy and burglary: A case study using COVID-19 restrictions;JOURNAL OF CRIMINAL JUSTICE;10.1016/j.jcrimjus.2022.101996
AZHB9NVI;journalArticle;2025;"Yan, SQ; Wu, Q";How does intra-city spatial structure influence green economic efficiency? A nonlinear and spatial spillover perspective;HABITAT INTERNATIONAL;10.1016/j.habitatint.2025.103455
SKAXUY9F;journalArticle;2025;"Herr, A; Lückemann, M; Saric-Babin, A";Regional variation in the utilization of nursing home care in Germany;EUROPEAN JOURNAL OF HEALTH ECONOMICS;10.1007/s10198-024-01732-9
IWPVM4BK;journalArticle;2022;"Zhao, M; Sun, T";Dynamic spatial spillover effect of new energy vehicle industry policies on carbon emission of transportation sector in China;ENERGY POLICY;10.1016/j.enpol.2022.112991
PXH9E2QS;journalArticle;2021;"Mahfoud, M; Bernasco, W; Bhulai, S; van der Mei, R";Forecasting Spatio-Temporal Variation in Residential Burglary with the Integrated Laplace Approximation Framework: Effects of Crime Generators, Street Networks, and Prior Crimes;JOURNAL OF QUANTITATIVE CRIMINOLOGY;10.1007/s10940-020-09469-3
HA4AJWY2;journalArticle;2021;"Gracia, E; Marco, M; López-Quílez, A; Lila, M";Chronic high risk of intimate partner violence against women in disadvantaged neighborhoods: An eight-year space-time analysis;PREVENTIVE MEDICINE;10.1016/j.ypmed.2021.106550
QJNNTLHI;journalArticle;2021;"Goschin, Z; Antonia, M; Tigau, H";Entrepreneurship Recovery in Romania after the Great Recession. A Dynamic Spatial Panel Approach;SUSTAINABILITY;10.3390/su131910702
ACSX2I7F;journalArticle;2021;"Dyck, J; Tate, R; Uhanova, J; Torabi, M";Social determinants and spatio-temporal variation of Ischemic Heart Disease in Manitoba;BMC PUBLIC HEALTH;10.1186/s12889-021-12369-1
RVTZTJ57;journalArticle;2024;"Wongsa-art, P; Kim, N; Xia, YC; Moscone, F";Varying coefficient panel data models and methods under correlated error components: Application to disparities in mental health services in England;REGIONAL SCIENCE AND URBAN ECONOMICS;10.1016/j.regsciurbeco.2024.104009
6NZZZPCM;journalArticle;2021;"Li, XB; Penmetsa, P; Liu, J; Hainen, A; Nambisan, S";Severity of emergency natural gas distribution pipeline incidents: Application of an integrated spatio-temporal approach fused with text mining;JOURNAL OF LOSS PREVENTION IN THE PROCESS INDUSTRIES;10.1016/j.jlp.2020.104383
XWQWHPHK;journalArticle;2023;"Wang, SB; Ren, ZP; Liu, XL";Spatiotemporal trends in neonatal, infant, and child mortality (1990-2019) based on Bayesian spatiotemporal modeling;FRONTIERS IN PUBLIC HEALTH;10.3389/fpubh.2023.996694
X63YWL5H;journalArticle;2023;"Hu, YP; Li, Y; Huang, HL";Spatio-temporal dynamic change mechanism analysis of traffic conflict risk based on trajectory data;ACCIDENT ANALYSIS AND PREVENTION;10.1016/j.aap.2023.107203
RMGJ693A;journalArticle;2021;"Alvarez-Herranz, A; Macedo-Ruíz, E";An Evaluation of the Three Pillars of Sustainability in Cities with High Airbnb Presence: A Case Study of the City of Madrid;SUSTAINABILITY;10.3390/su13063220
73G7TCPP;journalArticle;2024;"Marco, M; López-Quílez, A; Sánchez-Sáez, F; Escobar-Hernández, P; Montagud-Andrés, M; Lila, M; Gracia, E";The Spatio-Temporal Distribution of Suicide-related Emergency Calls in a European City: Age and Gender Patterns, and Neighborhood Influences;PSYCHOSOCIAL INTERVENTION;10.5093/pi2024a8
Q4KCFA56;journalArticle;2023;"Constantin, DL; Goschin, Z; Serbanica, C";Piped water supply and usage and the question of services of general interest: a spatial panel data analysis;ANNALS OF REGIONAL SCIENCE;10.1007/s00168-021-01098-3
7QQHAFUA;journalArticle;2025;"Kohar, A; Cameron, J; Baade, PD; Pickles, K; Montgomery, BD; Smith, DP; Cramb, SM";Spatio-temporal patterns of prostate-specific antigen testing in asymptomatic men: a population-based cohort study, Australia, 2002-2018;PUBLIC HEALTH;10.1016/j.puhe.2025.105769
UBYRYDBW;journalArticle;2022;"Zhai, XQ; Xue, R; He, B; Yang, D; Pei, XY; Li, X; Shan, YL";Dynamic changes and convergence of China's regional green productivity: A dynamic spatial econometric analysis;ADVANCES IN CLIMATE CHANGE RESEARCH;10.1016/j.accre.2022.01.004
7SZJ24VB;journalArticle;2022;"Serra, L; Vall-Llosera, L; Varga, D; Saurina, C; Saez, M; Renart, G";Analysis of the geographic pattern of the police reports for domestic violence in Girona (Spain);BMC PUBLIC HEALTH;10.1186/s12889-022-12916-4
3E2TNIFD;journalArticle;2022;"Yip, S; Him, NC; Jamil, NI; He, DH; Sahu, SK";Spatio-temporal detection for dengue outbreaks in the Central Region of Malaysia using climatic drivers at mesoscale and synoptic scale;CLIMATE RISK MANAGEMENT;10.1016/j.crm.2022.100429
WJE53AYR;journalArticle;2021;"Wah, W; Ahern, S; Evans, S; Millar, J; Evans, M; Earnest, A";Geospatial and temporal variation of prostate cancer incidence;PUBLIC HEALTH;10.1016/j.puhe.2020.10.032
IQ84LLBA;journalArticle;2023;"Epstein, A; Namuganga, JF; Nabende, I; Kamya, EV; Kamya, MR; Dorsey, G; Sturrock, H; Bhatt, S; Rodriguez-Barraquer, I; Greenhouse, B";Mapping malaria incidence using routine health facility surveillance data in Uganda;BMJ GLOBAL HEALTH;10.1136/bmjgh-2022-011137
5L9H8JEQ;journalArticle;2023;"Al-Amri, NS; Ewea, HA; Elfeki, AM";Stochastic Rational Method for Estimation of Flood Peak Uncertainty in Arid Basins: Comparison between Monte Carlo and First Order Second Moment Methods with a Case Study in Southwest Saudi Arabia;SUSTAINABILITY;10.3390/su15064719
HZZIQI9I;journalArticle;2021;"He, SX; Jiang, L";Identifying convergence in nitrogen oxides emissions from motor vehicles in China: A spatial panel data approach;JOURNAL OF CLEANER PRODUCTION;10.1016/j.jclepro.2021.128177
RANR454V;journalArticle;2022;"Liu, ZL; Jin, Y; Yan, LP; Zhang, Y; Zhang, H; Shen, CY; Yang, LL; Cheng, JH";Identifying Priority Conservation Areas of Largehead Hairtail (Trichiurus japonicus) Nursery Grounds in the East China Sea;FRONTIERS IN MARINE SCIENCE;10.3389/fmars.2021.779144
JACQUGHV;journalArticle;2021;"Bansal, E; Hsu, HH; de Water, E; Martínez-Medina, S; Schnaas, L; Just, AC; Horton, M; Bellinger, DC; Téllez-Rojo, MM; Wright, RO";Prenatal PM2.5 exposure in the second and third trimesters predicts neurocognitive performance at age 9-10 years: A cohort study of Mexico City children;ENVIRONMENTAL RESEARCH;10.1016/j.envres.2021.111651
8G6YG7S9;journalArticle;2021;"Clark, NJ; Dixon, PM";A class of spatially correlated self-exciting statistical models;SPATIAL STATISTICS;10.1016/j.spasta.2021.100493
RPFDU8V7;journalArticle;2024;"Chirombo, J; Majamanda, A; Gunsaru, V; Yosefe, S; Ozituosauka, W; Mchoma, C; Morroni, C; Chipeta, E; MacPherson, P; Freyne, B";The prevalence of gestational syphilis in Malawi between 2014 and 2022: spatiotemporal modeling of population-level factors;FRONTIERS IN PUBLIC HEALTH;10.3389/fpubh.2023.1242870
FQG4H5EL;journalArticle;2024;"Li, J; Zhang, J; Wang, L; Zhao, A";A Hierarchical Spatiotemporal Data Model Based on Knowledge Graphs for Representation and Modeling of Dynamic Landslide Scenes;SUSTAINABILITY;10.3390/su162310271
76ATXRPK;journalArticle;2021;"Bei, CC; Liu, SP; Liao, Y; Tian, GL; Tian, ZC";Predicting new cases of COVID-19 and the application to population sustainability analysis;ACCOUNTING AND FINANCE;10.1111/acfi.12785
ZFB9YRXB;journalArticle;2023;"Vomfell, L; Povala, J";(No) Spillovers in reporting domestic abuse to police;JOURNAL OF THE ROYAL STATISTICAL SOCIETY SERIES A-STATISTICS IN SOCIETY;10.1093/jrsssa/qnad060
8Y2LA4PQ;journalArticle;2023;"Giudici, P; Pagnottoni, P; Spelta, A";Network self-exciting point processes to measure health impacts of COVID-19;JOURNAL OF THE ROYAL STATISTICAL SOCIETY SERIES A-STATISTICS IN SOCIETY;10.1093/jrsssa/qnac006