Key;Item Type;Publication Year;Author;Title;Journal Name;Conference Name;DOI
6UVLVBLZ;journalArticle;2025;"Huang, Y.; Chen, X.; Zhu, L.";Exploring Trade-Offs/Synergies and Drivers of Ecosystem Services in the Dongting Lake Area, China;Sustainability (Switzerland);;10.3390/su17041650
G6GU2HI6;journalArticle;2024;Briz-Redón, Á.;A Bayesian Aoristic Logistic Regression to Model Spatio-Temporal Crime Risk Under the Presence of Interval-Censored Event Times;Journal of Quantitative Criminology;;10.1007/s10940-023-09580-1
M4VGV5JQ;journalArticle;2024;"Reuvers, H.; Wijler, E.";Sparse generalized Yule–Walker estimation for large spatio-temporal autoregressions with an application to NO2 satellite data;Journal of Econometrics;;10.1016/j.jeconom.2023.105520
65BU2M2E;journalArticle;2023;Wen, K.;A semiparametric spatio-temporal model of crop yield trend and its implication to insurance rating;Agricultural Economics (United Kingdom);;10.1111/agec.12798
G6QM4YWG;journalArticle;2023;"Dabral, A.; Shankhwar, R.; Martins-Ferreira, M.A.C.; Pandey, S.; Kant, R.; Meena, R.K.; Chandra, G.; Ginwal, H.S.; Thakur, P.K.; Bhandari, M.S.; Sahu, N.; Nayak, S.";Phenotypic, Geological, and Climatic Spatio-Temporal Analyses of an Exotic Grevillea robusta in the Northwestern Himalayas;Sustainability (Switzerland);;10.3390/su151612292
2FSCALHS;journalArticle;2023;"Espinasse, M.; Mikkelsen, E.; Sørbye, S.H.; Skern-Mauritzen, M.; Falk-Andersson, J.; Fauchald, P.";Seafood production in Northern Norway: Analyzing variation and co-development in aquaculture and coastal fisheries;Marine Policy;;10.1016/j.marpol.2023.105777
KTYISFUL;journalArticle;2022;"Dimakopoulou, K.; Samoli, E.; Analitis, A.; Schwartz, J.; Beevers, S.; Kitwiroon, N.; Beddows, A.; Barratt, B.; Rodopoulou, S.; Zafeiratou, S.; Gulliver, J.; Katsouyanni, K.";Development and Evaluation of Spatio-Temporal Air Pollution Exposure Models and Their Combinations in the Greater London Area, UK;International Journal of Environmental Research and Public Health;;10.3390/ijerph19095401
PDV2MCYD;journalArticle;2023;"Armando, C.J.; Rocklöv, J.; Sidat, M.; Tozan, Y.; Mavume, A.F.; Bunker, A.; Sewes, M.O.";Climate variability, socio-economic conditions and vulnerability to malaria infections in Mozambique 2016–2018: a spatial temporal analysis;Frontiers in Public Health;;10.3389/fpubh.2023.1162535
KUSF34EQ;journalArticle;2022;Johnson, D.P.;Population-Based Disparities in U.S. Urban Heat Exposure from 2003 to 2018;International Journal of Environmental Research and Public Health;;10.3390/ijerph191912314
ELP3IADI;journalArticle;2022;Ahlqvist, T.;An outline of future-oriented dialectics: Conceptualising dialectical positions, trajectories and processes in the context of futures research;Futures;;10.1016/j.futures.2022.103037
XEZS5B8U;journalArticle;2023;"Liang, X.; Hu, F.; Li, X.; Zhang, L.; Cao, H.; Li, H.";Spatio-Temporal Wind Speed Prediction Based on Improved Residual Shrinkage Network;Sustainability (Switzerland);;10.3390/su15075871
L9FMX9RL;journalArticle;2022;Congdon, P.;A Model for Highly Fluctuating Spatio-Temporal Infection Data, with Applications to the COVID Epidemic;International Journal of Environmental Research and Public Health;;10.3390/ijerph19116669
H3VIEDEH;journalArticle;2023;"Jeong, J.; Kim, M.; Choi, J.";Investigating the spatio-temporal variation of hepatitis A in Korea using a Bayesian model;Frontiers in Public Health;;10.3389/fpubh.2022.1085077
REJZF48R;journalArticle;2023;"Zhao, Z.; Ye, R.; Wang, Y.; Tao, Y.";How Plot Spatial Morphology Drives Surface Thermal Environment: A Spatial and Temporal Analysis of Nanjing Main City;Sustainability (Switzerland);;10.3390/su15010383
TCULXRZ5;journalArticle;2022;"Briz-Redón, Á.; Iftimi, A.; Correcher, J.F.; De Andrés, J.; Lozano, M.; Romero-García, C.";A comparison of multiple neighborhood matrix specifications for spatio-temporal model fitting: a case study on COVID-19 data;Stochastic Environmental Research and Risk Assessment;;10.1007/s00477-021-02077-y
YU3EQAS8;journalArticle;2022;"Fekri, N.; Parsaeian, M.; Pourreza, A.; Swallow, B.; Amini, A.; Foroushani, A.R.";The Impact of Cancer Incidence on Catastrophic Health Expenditure in Iran with a Bayesian Spatio-Temporal Analysis;Iranian Journal of Public Health;;10.18502/ijph.v51i2.8697
J4MBMVJ7;journalArticle;2021;"Saavedra, P.; Santana, A.; Bello, L.; Pacheco, J.-M.; Sanjuán, E.";A Bayesian spatio-temporal analysis of mortality rates in Spain: application to the COVID-19 2020 outbreak;Population Health Metrics;;10.1186/s12963-021-00259-y
DQ9N7EFY;journalArticle;2022;"Islam, M.A.; Mohammad, M.M.; Sarathi Das, S.S.; Ali, M.E.";A survey on deep learning based Point-of-Interest (POI) recommendations;Neurocomputing;;10.1016/j.neucom.2021.05.114
YSJB4FWG;journalArticle;2021;Jankiewicz, M.;The convergence of energy use from renewable sources in the european countries: Spatio-temporal approach;Energies;;10.3390/en14248378
AWHRLWGX;journalArticle;2022;"Li, X.; Jenn, A.";An integrated optimization platform for spatial-temporal modeling of electric vehicle charging infrastructure;Transportation Research Part D: Transport and Environment;;10.1016/j.trd.2022.103177
TTMM7Z97;journalArticle;2021;"Tang, S.; Shi, L.; Chen, W.; Zhao, P.; Zheng, H.; Yang, B.; Wang, C.; Ling, L.";Spatiotemporal distribution and sociodemographic and socioeconomic factors associated with primary and secondary syphilis in guangdong, china, 2005–2017;PLoS Neglected Tropical Diseases;;10.1371/journal.pntd.0009621
FRUKNPZT;journalArticle;2021;"Carroll, R.; Prentice, C.R.";Community vulnerability and mobility: What matters most in spatio-temporal modeling of the COVID-19 pandemic?;Social Science and Medicine;;10.1016/j.socscimed.2021.114395
TYJT9PYV;journalArticle;2022;"Deslatte, A.; Szmigiel-Rawska, K.; Tavares, A.F.; Ślawska, J.; Karsznia, I.; Łukomska, J.";Land use institutions and social-ecological systems: A spatial analysis of local landscape changes in Poland;Land Use Policy;;10.1016/j.landusepol.2021.105937
TND7XT47;journalArticle;2022;"Gaeta, A.; Leone, G.; Di Bucchianico, A.D.M.; Cusano, M.; Gaddi, R.; Pelliccioni, A.; Reatini, M.A.; Bernardino, A.D.; Cattani, G.";Spatio-temporal modeling of small-scale ultrafine particle variability using generalized additive models;Sustainability (Switzerland);;10.3390/su14010313
LACSHAPM;journalArticle;2021;"Lome-Hurtado, A.; Li, G.; Touza-Montero, J.; White, P.C.L.";Patterns of low birth weight in greater Mexico City: A Bayesian spatio-temporal analysis;Applied Geography;;10.1016/j.apgeog.2021.102521
P5YKJ8SA;journalArticle;2022;"Tan, S.; Wang, Y.; Yuan, Q.; Zheng, L.; Li, T.; Shen, H.; Zhang, L.";Reconstructing global PM2.5monitoring dataset from OpenAQ using a two-step spatio-temporal model based on SES-IDW and LSTM;Environmental Research Letters;;10.1088/1748-9326/ac52c9
GH7NMK2J;journalArticle;2021;"D’angelo, N.; Abbruzzo, A.; Adelfio, G.";Spatio-temporal spread pattern of covid-19 in italy;Mathematics;;10.3390/math9192454
LPLUV4KX;journalArticle;2021;"Hauzenberger, N.; Pfarrhofer, M.";Bayesian State-Space Modeling for Analyzing Heterogeneous Network Effects of US Monetary Policy*;Scandinavian Journal of Economics;;10.1111/sjoe.12436
49F2RPM2;journalArticle;2021;"Wah, W.; Stirling, R.G.; Ahern, S.; Earnest, A.";Forecasting of lung cancer incident cases at the small-area level in Victoria, Australia;International Journal of Environmental Research and Public Health;;10.3390/ijerph18105069
VF83YSC5;journalArticle;2021;"Bae, J.; Sohn, W.; Newman, G.; Gu, D.; Woodruff, S.; Van Zandt, S.; Ndubisi, F.; Wilkins, C.; Lee, J.; Tran, T.";A longitudinal analysis of green infrastructure conditions in Coastal Texan cities;Urban Forestry and Urban Greening;;10.1016/j.ufug.2021.127315
ERKQMITE;journalArticle;2021;"Rahimi, F.; Sadeghi-Niaraki, A.; Ghodousi, M.; Choi, S.-M.";Modeling population spatial-temporal distribution using taxis origin and destination data;Sustainability (Switzerland);;10.3390/su13073727
T9UWRGZD;journalArticle;2021;"Yao, W.; Qian, S.";From Twitter to traffic predictor: Next-day morning traffic prediction using social media data;Transportation Research Part C: Emerging Technologies;;10.1016/j.trc.2020.102938
AZCMFPCN;journalArticle;2021;"Griffith, D.; Li, B.";Spatial-temporal modeling of initial COVID-19 diffusion: The cases of the Chinese Mainland and Conterminous United States;Geo-Spatial Information Science;;10.1080/10095020.2021.1937338
4JCCSEBG;journalArticle;2021;"Javanbakht, M.; Darvishi Boloorani, A.; Kiavarz, M.; Neisany Samany, N.; Zebardast, L.; Zangiabadi, M.";Spatial-temporal analysis of urban environmental quality of Tehran, Iran;Ecological Indicators;;10.1016/j.ecolind.2020.106901
C2BSH3ZE;journalArticle;2021;"Trivelli, L.; Borrelli, P.; Cadum, E.; Pisoni, E.; Villani, S.";Spatial-temporal modelling of disease risk accounting for PM2.5 exposure in the province of pavia: An area of the Po valley;International Journal of Environmental Research and Public Health;;10.3390/ijerph18020658
CQD9GI2U;journalArticle;2021;"Nnanatu, C.C.; Atilola, G.; Komba, P.; Mavatikua, L.; Moore, Z.; Matanda, D.; Obianwu, O.; Kandala, N.-B.";Evaluating changes in the prevalence of female genital mutilation/cutting among 0-14 years old girls in Nigeria using data from multiple surveys: A novel Bayesian hierarchical spatio-temporal model;PLoS ONE;;10.1371/journal.pone.0246661
LK5BTYT9;journalArticle;2021;"Goldstein, E.; Erinjery, J.J.; Martin, G.; Kasturiratne, A.; Ediriweera, D.S.; de Silva, H.J.; Diggle, P.; Lalloo, D.G.; Murray, K.A.; Iwamura, T.; Habib, A.G.";Integrating human behavior and snake ecology with agent-based models to predict snakebite in high risk landscapes;PLoS Neglected Tropical Diseases;;10.1371/journal.pntd.0009047
ULR6MUC9;journalArticle;2021;"Carré, C; Hamdani, Y";Pyramidal Framework: Guidance for the Next Generation of GIS Spatial-Temporal Models;ISPRS INTERNATIONAL JOURNAL OF GEO-INFORMATION;;10.3390/ijgi10030188
EAITPTAX;journalArticle;2023;"Yang, Y; Dogan, O; Taspinar, S";Observed-data DIC for spatial panel data models;EMPIRICAL ECONOMICS;;10.1007/s00181-022-02286-6
W82QUMHH;journalArticle;2021;"Zhu, LL; Zhang, H";Analysis of the diffusion effect of urban housing prices in China based on the spatial-temporal model;CITIES;;10.1016/j.cities.2020.103015
AXSPFNHZ;journalArticle;2021;"Farzammehr, MA; Zadkarami, MR; McLachlan, GJ";Skew-normal generalized spatial panel data model;COMMUNICATIONS IN STATISTICS-SIMULATION AND COMPUTATION;;10.1080/03610918.2019.1622718
HQ5MBYQM;journalArticle;2023;"Sun, SQ; Tu, YQ";Impact of financial inclusion on the urban-rural income gap-Based on the spatial panel data model;FINANCE RESEARCH LETTERS;;10.1016/j.frl.2023.103659
4VEVAHMX;journalArticle;2023;Guliyev, H;Associations of (un)observed factors and gender inequality in European countries: Evidence from spatial panel data model;APPLIED GEOGRAPHY;;10.1016/j.apgeog.2023.103066
QCVZYWBT;journalArticle;2023;Fingleton, B;Estimating dynamic spatial panel data models with endogenous regressors using synthetic instruments;JOURNAL OF GEOGRAPHICAL SYSTEMS;;10.1007/s10109-022-00397-3
8YEWGQLL;journalArticle;2025;"Ling, YH; Bai, KX; Yang, Y";Estimation of spatial panel data models with random effects using Laplace approximation methods;SPATIAL ECONOMIC ANALYSIS;;10.1080/17421772.2025.2504503
TQ3RMRKN;journalArticle;2025;"Li, Y; Shen, YF; Chen, YF";Spatial spillover effect of green finance on urban-rural income gap;APPLIED ECONOMICS LETTERS;;10.1080/13504851.2024.2331249
G3TMA96F;journalArticle;2025;"Chang, HY; Song, XJ; Yu, JH";Trending Time-Varying Coefficient Spatial Panel Data Models;JOURNAL OF BUSINESS & ECONOMIC STATISTICS;;10.1080/07350015.2024.2340516
B6I2A27V;journalArticle;2021;"Safikhani, A; Kamga, C; Mudigonda, S; Faghih, SS; Moghimi, B";Spatio-temporal modeling of yellow taxi demands in New York City using generalized STAR models;INTERNATIONAL JOURNAL OF FORECASTING;;
YGHBMGSI;journalArticle;2024;"Karci, R; Dogan, N; Berument, MH";Co-movements of crude oil prices;SPATIAL ECONOMIC ANALYSIS;;10.1080/17421772.2024.2303312
KGZRMS7A;journalArticle;2023;"Costantino, S; Cracolici, MF; Elhorst, JP";A spatial origin-destination approach for the analysis of local tourism demand in Italy;PAPERS IN REGIONAL SCIENCE;;10.1111/pirs.12726
Y8B8KBSM;journalArticle;2021;"Xue, ZQ; Li, N; Mu, HL; Zhang, M; Pang, JR";Convergence analysis of regional marginal abatement cost of carbon dioxide in China based on spatial panel data models;ENVIRONMENTAL SCIENCE AND POLLUTION RESEARCH;;10.1007/s11356-021-13288-9
SPZ5IKAN;journalArticle;2021;"Bai, JS; Li, KP";Dynamic spatial panel data models with common shocks;JOURNAL OF ECONOMETRICS;;10.1016/j.jeconom.2020.12.002
EJZLNB2J;journalArticle;2023;"Liu, LC; Pang, X";A Bayesian multifactor spatio-temporal model for estimating time-varying network interdependence;POLITICAL SCIENCE RESEARCH AND METHODS;;10.1017/psrm.2022.47
QR3ZSLPC;journalArticle;2021;"Wang, ZS; Yue, Y; He, B; Nie, K; Tu, W; Du, QY; Li, QQ";A Bayesian spatio-temporal model to analyzing the stability of patterns of population distribution in an urban space using mobile phone data;INTERNATIONAL JOURNAL OF GEOGRAPHICAL INFORMATION SCIENCE;;10.1080/13658816.2020.1798967
HMZZWWC6;journalArticle;2021;"Jiang, L; Zhou, HF; He, SX; Cui, YZ; Wang, JH";Identifying the driving factors of NO2 pollution of One Belt One Road countries: satellite observation technique and dynamic spatial panel data analysis;ENVIRONMENTAL SCIENCE AND POLLUTION RESEARCH;;10.1007/s11356-020-12113-z
UARUYFJZ;journalArticle;2023;"Zaouche, M; Bode, NWF";Bayesian spatio-temporal models for mapping urban pedestrian traffic;JOURNAL OF TRANSPORT GEOGRAPHY;;10.1016/j.jtrangeo.2023.103647
KWJN3SRY;journalArticle;2022;"Yeom, Y; Choi, J";The spatiotemporal dynamics and structural covariates of homicide in the Republic of Korea, 2008-2017: A dynamic spatial panel data approach;GEOSPATIAL HEALTH;;10.4081/gh.2022.1040
53G9C5BX;journalArticle;2022;"Yu, Z; Yu, KM; Härdle, WK; Zhang, XL; Wang, K; Tian, MZ";Bayesian spatio-temporal modeling for the inpatient hospital costs of alcohol-related disorders;JOURNAL OF THE ROYAL STATISTICAL SOCIETY SERIES A-STATISTICS IN SOCIETY;;10.1111/rssa.12963
GWU7DKJ3;journalArticle;2023;Lu, LN;Simultaneous Spatial Panel Data Models with Common Shocks;JOURNAL OF BUSINESS & ECONOMIC STATISTICS;;10.1080/07350015.2022.2046007
IW8WYNFF;journalArticle;2021;"Song, Y; Liu, DY; Wang, QR";Identifying characteristic changes in club convergence of China's urban pollution emission: A spatial-temporal feature analysis;ENERGY ECONOMICS;;10.1016/j.eneco.2021.105243
RDIXTEKN;journalArticle;2023;"Lee, DY; Park, SY";Global energy intensity convergence using a spatial panel growth model;APPLIED ECONOMICS;;10.1080/00036846.2022.2131715
NF6VKQQK;journalArticle;2023;"Li, Z; Liu, JS";Evolution Process and Characteristics of Multifactor Flows in Rural Areas: A Case Study of Licheng Village in Hebei, China;SUSTAINABILITY;;10.3390/su15043225
UAS6VAPI;journalArticle;2023;"Lozano, JE; Elofsson, K; Surry, Y; Marbuah, G";Spatio-Temporal Analysis of Game Harvests in Sweden;ENVIRONMENTAL & RESOURCE ECONOMICS;;10.1007/s10640-023-00770-w
9VCIA8G6;journalArticle;2025;"Emili, S; Galli, F";Capturing Inter and Intra Sectoral Productivity Spillovers in Industrial Filière: A System of Dynamic Spatial Panel Data Models;JOURNAL OF REGIONAL SCIENCE;;10.1111/jors.12757
6LW7U72N;journalArticle;2023;"Berloco, C; Argiento, R; Montagna, S";Forecasting short-term defaults of firms in a commercial network via Bayesian spatial and spatio-temporal methods;INTERNATIONAL JOURNAL OF FORECASTING;;10.1016/j.ijforecast.2022.05.003
DJN5PH3S;journalArticle;2022;"Wang, PP; Zheng, XQ; Liu, HY";Simulation and forecasting models of COVID-19 taking into account spatio-temporal dynamic characteristics: A review;FRONTIERS IN PUBLIC HEALTH;;10.3389/fpubh.2022.1033432
6VIC73WJ;journalArticle;2021;"Maia, AG; Lu, Y";Migration and Democratization in Brazil: The Case of Electoral Participation and Competition;DEMOGRAPHY;;10.1215/00703370-8937033
TQBL2HYG;journalArticle;2023;"Tabasi, M; Alesheikh, AA; Kalantari, M; Mollalo, A; Hatamiafkoueieh, J";Spatio-Temporal Modeling of COVID-19 Spread in Relation to Urban Land Uses: An Agent-Based Approach;SUSTAINABILITY;;10.3390/su151813827
RYV9I89C;journalArticle;2022;"Fokianos, K; Fried, R; Kharin, Y; Voloshko, V";Statistical analysis of multivariate discrete-valued time series;JOURNAL OF MULTIVARIATE ANALYSIS;;10.1016/j.jmva.2021.104805
DBPZPGPN;journalArticle;2025;"Pu, D; Fang, KN; Lan, W; Yu, JH; Zhang, QZ";Reduced Rank Spatio-Temporal Models;JOURNAL OF BUSINESS & ECONOMIC STATISTICS;;10.1080/07350015.2024.2326142
6S7XGHZK;journalArticle;2024;"Berlemann, M; Haustein, E";Right and yet wrong: a politico-economic perspective on Germany's early COVID-19 policy;REGIONAL STUDIES;;10.1080/00343404.2023.2176478
VVZZTNNQ;journalArticle;2022;"Dai, L; Zhang, JJ; Luo, SG";Effective R&D capital and total factor productivity: Evidence using spatial panel data models;TECHNOLOGICAL FORECASTING AND SOCIAL CHANGE;;10.1016/j.techfore.2022.121886
VXSIMM5Y;journalArticle;2022;"Hatami, F; Thill, JC";Spatiotemporal Evaluation of the Built Environment's Impact on Commuting Duration;SUSTAINABILITY;;10.3390/su14127179
M626GSA8;journalArticle;2024;"Hu, JL; Luo, JM; Xu, ZY; Liao, B; Dong, SB; Peng, B; Hou, GQ";Spatio-temporal learning and explaining for dynamic functional connectivity analysis: Application to depression;JOURNAL OF AFFECTIVE DISORDERS;;10.1016/j.jad.2024.08.014
ECCDKZRQ;journalArticle;2023;"Cong, BT; Tran, V; Long, TT";Impact of metropolises? competitiveness characteristics on structural transformation of provinces in Vietnam: A spatial approach;JOURNAL OF COMPETITIVENESS;;10.7441/joc.2023.01.01
FBAJ64UI;journalArticle;2021;"Nian, GY; Sun, J; Huang, JY";Exploring the Effects of Urban Built Environment on Road Travel Speed Variability with a Spatial Panel Data Model;ISPRS INTERNATIONAL JOURNAL OF GEO-INFORMATION;;10.3390/ijgi10120829
C9U34AJH;journalArticle;2025;"Zhang, YZ; Chang, HH; Iuliano, AD; Reed, C";A Bayesian spatial-temporal varying coefficients model for estimating excess deaths associated with respiratory infections;JOURNAL OF THE ROYAL STATISTICAL SOCIETY SERIES A-STATISTICS IN SOCIETY;;10.1093/jrsssa/qnae079
CPVDLACE;journalArticle;2022;"Kim, Y; Safikhani, A; Tepe, E";Machine learning application to spatio-temporal modeling of urban growth;COMPUTERS ENVIRONMENT AND URBAN SYSTEMS;;10.1016/j.compenvurbsys.2022.101801
8XIBS6HE;journalArticle;2022;"Lopez-Rodriguez, J; Vasquez-Roldan, JS";Income disparities in Colombia: market potential and neighborhood effects;APPLIED ECONOMICS LETTERS;;10.1080/13504851.2020.1856321
4PF8FM5V;journalArticle;2021;"Zheng, YM; Zhang, C; Wang, YD";Factors affecting employment quality in China: evidence based on spatial panel data model;APPLIED ECONOMICS LETTERS;;10.1080/13504851.2020.1784834
SDQCQG5C;journalArticle;2024;Richetta, C;An extraversion affair: African states and the subnational locations of large-scale land acquisitions;TERRITORY POLITICS GOVERNANCE;;10.1080/21622671.2022.2108492
VUYJZBQW;journalArticle;2021;"Liu, C; Bardaka, E";The suburbanization of poverty and changes in access to public transportation in the Triangle Region, NC;JOURNAL OF TRANSPORT GEOGRAPHY;;10.1016/j.jtrangeo.2020.102930
E5WDDT89;journalArticle;2025;"Jiang, L; Chen, Y; Jiang, Y; Zhang, B";Does Fiscal Efficiency Affect Green Total Factor Productivity: Evidence Based on Spatial Panel Data Models;REVIEW OF DEVELOPMENT ECONOMICS;;10.1111/rode.13217
MTFBQJX9;journalArticle;2022;"Korkmaz, Ö; Erer, E; Erer, D";Internet access and its role on educational inequality during the COVID-19 pandemic;TELECOMMUNICATIONS POLICY;;10.1016/j.telpol.2022.102353
SDQSYXNF;journalArticle;2024;"Belbe, S; Moldovan, D; Andries, AM; Otto, P; Mare, C";Evaluation of the space-time effects of Covid-19 on household loans and savings in Romania- A spatial panel data approach at county level;EMERGING MARKETS REVIEW;;10.1016/j.ememar.2024.101209
JF4NSXQ7;journalArticle;2021;"Sohn, W; Bae, J; Newman, G";Green infrastructure for coastal flood protection: The longitudinal impacts of green infrastructure patterns on flood damage;APPLIED GEOGRAPHY;;10.1016/j.apgeog.2021.102565
QI8MNPMB;journalArticle;2021;"Lee, J; Lee, YH";Development of a Win Production Function and Evaluation of Cross-Sectional Dependence;JOURNAL OF SPORTS ECONOMICS;;10.1177/1527002520983438
UHN242XT;journalArticle;2025;"Gefang, D; Hall, SG; Tavlas, GS";Fast two-stage variational Bayesian approach to estimating panel spatial autoregressive models with unrestricted spatial weights matrices;SPATIAL ECONOMIC ANALYSIS;;10.1080/17421772.2025.2482071
37D5M8YC;journalArticle;2021;Ochsen, C;Age cohort effects on unemployment in the USA: Evidence from the regional level;PAPERS IN REGIONAL SCIENCE;;10.1111/pirs.12599
28BMG47K;journalArticle;2021;"Shao, HY; Sun, XF; Lin, Y; Xian, W; Zhou, YZ; Yuan, LG; Qi, JG";A method for spatio-temporal process assessment of eco-geological environmental security in mining areas using catastrophe theory and projection pursuit model;PROGRESS IN PHYSICAL GEOGRAPHY-EARTH AND ENVIRONMENT;;10.1177/0309133320982542
KT78TKEK;journalArticle;2023;Labidi, MA;The Spatial Distribution of Economic Activities and the Structure of Local Economy: a Spatial Panel Approach;JOURNAL OF THE KNOWLEDGE ECONOMY;;10.1007/s13132-022-01009-7
5F58F9YI;journalArticle;2021;"Lv, ZK; Gao, ZY";The effect of corruption on environmental performance: Does spatial dependence play a role?;ECONOMIC SYSTEMS;;10.1016/j.ecosys.2020.100773
LS6UBUB4;journalArticle;2025;"Busch, F; Ochsen, C";Local Effects of Education and Age Groups on Unemployment in Germany;GROWTH AND CHANGE;;10.1111/grow.70011
762YTK2F;journalArticle;2022;"Elhorst, JP; Emili, S";A spatial econometric multivariate model of Okun's law;REGIONAL SCIENCE AND URBAN ECONOMICS;;10.1016/j.regsciurbeco.2021.103756
SQLT7YSB;journalArticle;2022;"Sanjuán, LG; Díaz, FS; Rovira, BM";"The ""Megalithisation"" of Iberia: A spatio-temporal model";ANTHROPOLOGIE;;10.1016/j.anthro.2022.103072
8S34XHHA;journalArticle;2022;"Hunneman, A; Elhorst, JP; Bijmolt, THA";Store sales evaluation and prediction using spatial panel data models of sales components;SPATIAL ECONOMIC ANALYSIS;;10.1080/17421772.2021.1916574
CYZ74PN9;journalArticle;2022;"Lymperopoulou, K; Bannister, J; Krzemieniewska-Nandwani, K";Inequality in Exposure to Crime, Social Disorganization and Collective Efficacy: Evidence from Greater Manchester, United Kingdom;BRITISH JOURNAL OF CRIMINOLOGY;;10.1093/bjc/azab106
Z3WUTAIV;journalArticle;2022;"Nicoletta, V; Guglielmi, A; Ruiz, A; Bélanger, V; Lanzarone, E";Bayesian spatio-temporal modelling and prediction of areal demands for ambulance services;IMA JOURNAL OF MANAGEMENT MATHEMATICS;;10.1093/imaman/dpaa028
7VKET62Z;journalArticle;2025;"Zhang, YJ; Zhu, YL; Chen, Y; Han, XY";Policy impact on the global COVID-19 pandemic and unemployment outcomes: A large-scale mixed frequency spatial approach;ECONOMIC MODELLING;;10.1016/j.econmod.2025.107160
KDHC6LCJ;journalArticle;2024;"Zheng, WM; Li, C; Deng, ZH";Hotel demand forecasting with multi-scale spatiotemporal features;INTERNATIONAL JOURNAL OF HOSPITALITY MANAGEMENT;;10.1016/j.ijhm.2024.103895
4XWUZRU3;journalArticle;2021;"Aquaro, M; Bailey, N; Pesaran, MH";Estimation and inference for spatial models with heterogeneous coefficients: An application to US house prices;JOURNAL OF APPLIED ECONOMETRICS;;10.1002/jae.2792
5LJ8BLXG;journalArticle;2021;"Kim, H; Marcouiller, DW";Rural Prospects for Resilience: Planning Sustainable Livelihoods and Coping with Flood Hazards along the US Mississippi River;SOCIETY & NATURAL RESOURCES;;10.1080/08941920.2020.1775328
XP6XY4ZM;journalArticle;2021;Yang, CF;Common factors and spatial dependence: an application to US house prices;ECONOMETRIC REVIEWS;;10.1080/07474938.2020.1741785
R7KWT8RR;journalArticle;2021;"Tukiendorf, A; Kaminska-Winciorek, G; Lancé, MD; Olszak-Wasik, K; Szczepanowski, Z; Kulik-Parobczy, I; Wolny-Rokicka, EI";Recent Malignant Melanoma Epidemiology in Upper Silesia, Poland. A Decade-Long Study Focusing on the Agricultural Sector;INTERNATIONAL JOURNAL OF ENVIRONMENTAL RESEARCH AND PUBLIC HEALTH;;10.3390/ijerph182010863
AID89Z37;journalArticle;2024;"Cheng, J; Wu, YD; Chen, K";Does Crime Affect Inbound Tourism? Evidence From a Sub-national Perspective in Japan;CRIME & DELINQUENCY;;10.1177/00111287241231752
VRIPYG74;journalArticle;2021;"Baldoni, E; Esposti, R";Agricultural Productivity in Space: an Econometric Assessment Based on Farm-Level DataJEL codes;AMERICAN JOURNAL OF AGRICULTURAL ECONOMICS;;10.1111/ajae.12155
LM8JUHYH;journalArticle;2025;"Racek, D; Thurner, PW; Kauermann, G";Capturing the spatio-temporal diffusion effects of armed conflict: A nonparametric smoothing approach;JOURNAL OF THE ROYAL STATISTICAL SOCIETY SERIES A-STATISTICS IN SOCIETY;;10.1093/jrsssa/qnaf120
XAMCSKHZ;journalArticle;2025;"Akçagün-Narin, P; Taspinar, S; Dogan, O";A spatial analysis of contagion in sovereign credit default swaps;JOURNAL OF FINANCIAL ECONOMETRICS;;10.1093/jjfinec/nbaf011
5RRK4PIZ;journalArticle;2025;"Smaal, B; Elhorst, JP";Seventy Years of Dutch Regional Unemployment from a Spatiotemporal Perspective;ECONOMIST-NETHERLANDS;;10.1007/s10645-025-09450-0
QVUCU7RZ;journalArticle;2023;"Isinkaralar, O; Varol, C";A cellular automata-based approach for spatio-temporal modeling of the city center as a complex system: The case of Kastamonu, Turkiye;CITIES;;10.1016/j.cities.2022.104073
3RJ6MUZ7;journalArticle;2021;"Cao, HJ; Qi, Y; Chen, JW; Shao, S; Lin, SX";Incentive and coordination: Ecological fiscal transfers' effects on eco-environmental quality;ENVIRONMENTAL IMPACT ASSESSMENT REVIEW;;10.1016/j.eiar.2020.106518
URTF8TDP;journalArticle;2021;"Hill, RJ; Rambaldi, AN; Scholz, M";Higher frequency hedonic property price indices: a state-space approach;EMPIRICAL ECONOMICS;;10.1007/s00181-020-01862-y
B3CDAYZB;journalArticle;2023;"Alvarado, R; Ortiz, C; Cuesta, L; Tillaguango, B";Spillovers impact of institutional and economic factors in energy intensity;SUSTAINABLE DEVELOPMENT;;10.1002/sd.2485
T8TJ9CYR;journalArticle;2023;"Mattera, R; Franses, PH";Are African business cycles synchronized? Evidence from spatio-temporal modeling;ECONOMIC MODELLING;;10.1016/j.econmod.2023.106485
WAQPS23I;journalArticle;2024;"Wu, ZQ; Jiang, W; Xu, XB";APPLICATIONS OF FUNCTIONAL DEPENDENCE TO SPATIAL ECONOMETRICS;ECONOMETRIC THEORY;;10.1017/S026646662400015X
PVISAAXX;journalArticle;2024;Pietak, L;Effect of regional disparities on national economic growth. A spatial panel data evidence from EU countries in 2000-2020;JOURNAL OF ECONOMIC INEQUALITY;;10.1007/s10888-024-09658-1
HTVX8PNF;journalArticle;2024;"Trejo, K; Carrillo-Brenes, F; Vilches-Blazquez, LM; Salat, R";Examining Homicides, Victims, Socioeconomic Context, and Weather Conditions in Mexico Through Spatio-Temporal Dimensions;CRIME & DELINQUENCY;;10.1177/00111287241243305
38J8HZ3Z;journalArticle;2023;"Cao, YB; Liu, L; Dong, YH";Convolutional Long Short-Term Memory Two-Dimensional Bidirectional Graph Convolutional Network for Taxi Demand Prediction;SUSTAINABILITY;;10.3390/su15107903
6A6JKV5J;journalArticle;2024;"Yang, Y; Dogan, O; Taspinar, S";Estimation of Matrix Exponential Unbalanced Panel Data Models with Fixed Effects: An Application to US Outward FDI Stock;JOURNAL OF BUSINESS & ECONOMIC STATISTICS;;10.1080/07350015.2023.2200486
PZ3ZYNAS;journalArticle;2024;"Wang, B; Gao, FH; Tong, L; Zhang, Q; Zhu, SL";Channel attention-based spatial-temporal graph neural networks for traffic prediction;DATA TECHNOLOGIES AND APPLICATIONS;;10.1108/DTA-09-2022-0378
5WKY5AKB;journalArticle;2022;"Ghahroodi, ZR; Mahabadi, SE; Bourbour, S; Safarkhanloo, H; Zeynali, S";Traffic violation analysis using time series, clustering and panel zero-truncated one-inflated mixed model;INTERNATIONAL JOURNAL OF INJURY CONTROL AND SAFETY PROMOTION;;10.1080/17457300.2022.2075396
JNGDIAG9;journalArticle;2025;"Wiedemann, N; Uscidda, T; Raubal, M";GeOT: a spatially explicit framework for evaluating spatio-temporal predictions;INTERNATIONAL JOURNAL OF GEOGRAPHICAL INFORMATION SCIENCE;;10.1080/13658816.2025.2481101
JYHFZZTK;journalArticle;2021;"Bakis, ALP; Macovei, I; Barros, P; Gomes, C; Carvalho, D; Cabral, JA; Travassos, P; Torres, L; Aranha, J; Galatchi, LD; Santos, M";Is biodiversity linked with farm management options in vineyard landscapes? A case study combining ecological indicators within a hybrid modelling framework;ECOLOGICAL INDICATORS;;10.1016/j.ecolind.2020.107012
VBL6NAI7;journalArticle;2021;"Li, YX; Sun, Y";A multi-site stochastic weather generator for high-frequency precipitation using censored skew-symmetric distribution;SPATIAL STATISTICS;;10.1016/j.spasta.2020.100474
YRHEZSRN;journalArticle;2024;Tepe, E;History, neighborhood, and proximity as factors of land-use change: A dynamic spatial regression model;ENVIRONMENT AND PLANNING B-URBAN ANALYTICS AND CITY SCIENCE;;10.1177/23998083231164397
AAMVMRZH;journalArticle;2021;"Maia, AG; Eusebio, GD; Fasiaben, MDR; Moraes, AS; Assad, ED; Pugliero, VS";The economic impacts of the diffusion of agroforestry in Brazil;LAND USE POLICY;;10.1016/j.landusepol.2021.105489
FXJ2ARIR;journalArticle;2022;"Bracher, J; Held, L";Endemic-epidemic models with discrete-time serial interval distributions for infectious disease prediction;INTERNATIONAL JOURNAL OF FORECASTING;;10.1016/j.ijforecast.2020.07.002
XTVX4EZN;journalArticle;2025;"Mattera, R; Franses, PH";Forecasting house price growth rates with factor models and spatio-temporal clustering;INTERNATIONAL JOURNAL OF FORECASTING;;10.1016/j.ijforecast.2024.09.003
JR64U7UU;journalArticle;2023;"Ma, YY; Guo, SJ; Wang, HS";Sparse spatio-temporal autoregressions by profiling and bagging;JOURNAL OF ECONOMETRICS;;10.1016/j.jeconom.2020.10.010
AZDQTIEM;journalArticle;2021;"McLaughlin, TR; Gómez-Puche, M; Cascalheira, J; Bicho, N; de Pablo, JFL";Late Glacial and Early Holocene human demographic responses to climatic and environmental change in Atlantic Iberia;PHILOSOPHICAL TRANSACTIONS OF THE ROYAL SOCIETY B-BIOLOGICAL SCIENCES;;10.1098/rstb.2019.0724
AN7GENJJ;journalArticle;2022;"Zhang, H; Xu, TT; Zhang, Y; Zhou, XX";Strategic Interactions in Environmental Regulation: Evidence From Spatial Effects Across Chinese Cities;FRONTIERS IN ENVIRONMENTAL SCIENCE;;10.3389/fenvs.2022.823838
A73WNMM4;journalArticle;2021;"Schliep, EM; Gelfand, AE; Abaurrea, J; Asín, J; Beamonte, MA; Cebrián, AC";Long-term spatial modelling for characteristics of extreme heat events;JOURNAL OF THE ROYAL STATISTICAL SOCIETY SERIES A-STATISTICS IN SOCIETY;;10.1111/rssa.12710
PA3V7AYX;journalArticle;2021;"Yu, Y; Chen, LM; Shu, YQ; Zhu, WY";Evaluation model and management strategy for reducing pollution caused by ship collision in coastal waters;OCEAN & COASTAL MANAGEMENT;;10.1016/j.ocecoaman.2020.105446
SBK7C68D;journalArticle;2023;"Chen, ZY; Deng, XY; Zou, Y; He, Y; Chen, SJ; Wang, QT; Xing, DG; Zhang, Y";A Spatio-temporal Bayesian model to estimate risk and influencing factors related to tuberculosis in Chongqing, China, 2014-2020;ARCHIVES OF PUBLIC HEALTH;;10.1186/s13690-023-01044-z
3C9M28BV;journalArticle;2022;Gu, JF;Spatiotemporal dynamics of the patent race: empirical evidence from listed companies in China;ASIAN JOURNAL OF TECHNOLOGY INNOVATION;;10.1080/19761597.2020.1830813
36PDHJ7M;journalArticle;2025;"Wang, ZL; Feng, TS; Safikhani, A; Tepe, E";Enhancing transparency in land use change modeling: Leveraging eXplainable AI techniques for urban growth prediction with spatially distributed insights;COMPUTERS ENVIRONMENT AND URBAN SYSTEMS;;10.1016/j.compenvurbsys.2025.102322
PNGTUDUC;journalArticle;2022;"Frith, MJ; Bowers, KJ; Johnson, SD";Household occupancy and burglary: A case study using COVID-19 restrictions;JOURNAL OF CRIMINAL JUSTICE;;10.1016/j.jcrimjus.2022.101996
IBXYS5JG;journalArticle;2022;"Johnson, DP; Lulla, V";Predicting COVID-19 community infection relative risk with a Dynamic Bayesian Network;FRONTIERS IN PUBLIC HEALTH;;10.3389/fpubh.2022.876691
7U6PAXC7;journalArticle;2023;"Montalvo-Lezama, R; Montalvo-Lezama, B; Fuentes-Pineda, G";Improving Transfer Learning for Movie Trailer Genre Classification using a Dual Image and Video Transformer;INFORMATION PROCESSING & MANAGEMENT;;10.1016/j.ipm.2023.103343
AZHB9NVI;journalArticle;2025;"Yan, SQ; Wu, Q";How does intra-city spatial structure influence green economic efficiency? A nonlinear and spatial spillover perspective;HABITAT INTERNATIONAL;;10.1016/j.habitatint.2025.103455
JM5235S7;journalArticle;2021;"Jeong, H; Lee, LF";Spatial dynamic game models for coevolution of intertemporal economic decision-making and spatial networks;JOURNAL OF ECONOMIC DYNAMICS & CONTROL;;10.1016/j.jedc.2021.104186
SKAXUY9F;journalArticle;2025;"Herr, A; Lückemann, M; Saric-Babin, A";Regional variation in the utilization of nursing home care in Germany;EUROPEAN JOURNAL OF HEALTH ECONOMICS;;10.1007/s10198-024-01732-9
7ZPR5VTV;journalArticle;2022;Baptista, EA;Blindness and vision loss in Japan: A spatio-temporal analysis;TRANSACTIONS IN GIS;;10.1111/tgis.12961
IWPVM4BK;journalArticle;2022;"Zhao, M; Sun, T";Dynamic spatial spillover effect of new energy vehicle industry policies on carbon emission of transportation sector in China;ENERGY POLICY;;10.1016/j.enpol.2022.112991
ZCSKV8KI;journalArticle;2025;"Cheng, RJ; An, XD; Xu, YZ";Vit-Traj: A Spatial-Temporal Coupling Vehicle Trajectory Prediction Model Based on Vision Transformer;SYSTEMS;;10.3390/systems13030147
VQU48YWK;journalArticle;2023;"Wang, C; Chen, JJ; Li, BY; Chen, NC; Wang, W";Impact of high-speed railway construction on spatial patterns of regional economic development along the route: A case study of the Shanghai-Kunming high-speed railway;SOCIO-ECONOMIC PLANNING SCIENCES;;10.1016/j.seps.2023.101583
PWMGJZIR;journalArticle;2024;"Gao, JZ; Hua, GH; Abidali, R; Huo, BF; Mahamane, F; Li, ZL";The impact of green low-carbon finance on smog reduction and carbon mitigation: evidence from a spatial panel simultaneous equations model;INTERNATIONAL JOURNAL OF URBAN SCIENCES;;10.1080/12265934.2024.2438204
RNHME7QS;journalArticle;2022;"Li, L; Musah, A; Thomas, MG; Kostkova, P";An ecological study exploring the geospatial associations between socioeconomic deprivation and fire-related dwelling casualties in the England (2010-2019);APPLIED GEOGRAPHY;;10.1016/j.apgeog.2022.102718
PXH9E2QS;journalArticle;2021;"Mahfoud, M; Bernasco, W; Bhulai, S; van der Mei, R";Forecasting Spatio-Temporal Variation in Residential Burglary with the Integrated Laplace Approximation Framework: Effects of Crime Generators, Street Networks, and Prior Crimes;JOURNAL OF QUANTITATIVE CRIMINOLOGY;;10.1007/s10940-020-09469-3
U9CW9CCQ;journalArticle;2022;"Marchesani, F; Masciarelli, F; Doan, HQ";Innovation in cities a driving force for knowledge flows: Exploring the relationship between high-tech firms, student mobility, and the role of youth entrepreneurship;CITIES;;10.1016/j.cities.2022.103852
6VXFN9ZE;journalArticle;2025;"Feng, P; Yasar, M; Cohen, JP";Do Higher House Prices Crowd-Out or Crowd-In Manufacturing? A Spatial Econometrics Approach;JOURNAL OF REAL ESTATE FINANCE AND ECONOMICS;;10.1007/s11146-023-09956-x
A3GV44GG;journalArticle;2023;"Lv, Y; Lv, ZQ; Cheng, ZS; Zhu, ZQ; Rashidi, TH";TS-STNN: Spatial-temporal neural network based on tree structure for traffic flow prediction;TRANSPORTATION RESEARCH PART E-LOGISTICS AND TRANSPORTATION REVIEW;;10.1016/j.tre.2023.103251
TUYPUNW6;journalArticle;2022;"Andriamanantena, NA; Gaufreteau, C; Ay, JS; Doyen, L";Climate-dependent scenarios of land use for biodiversity and ecosystem services in the New Aquitaine region;REGIONAL ENVIRONMENTAL CHANGE;;10.1007/s10113-022-01964-6
HA4AJWY2;journalArticle;2021;"Gracia, E; Marco, M; López-Quílez, A; Lila, M";Chronic high risk of intimate partner violence against women in disadvantaged neighborhoods: An eight-year space-time analysis;PREVENTIVE MEDICINE;;10.1016/j.ypmed.2021.106550
5JKUXHU2;journalArticle;2021;"Lukiewska, K; Juchniewicz, M";Identification of the Relationships between Competitive Potential and Competitive Position of the Food Industry in the European Union;SUSTAINABILITY;;10.3390/su13084160
QJNNTLHI;journalArticle;2021;"Goschin, Z; Antonia, M; Tigau, H";Entrepreneurship Recovery in Romania after the Great Recession. A Dynamic Spatial Panel Approach;SUSTAINABILITY;;10.3390/su131910702
ACSX2I7F;journalArticle;2021;"Dyck, J; Tate, R; Uhanova, J; Torabi, M";Social determinants and spatio-temporal variation of Ischemic Heart Disease in Manitoba;BMC PUBLIC HEALTH;;10.1186/s12889-021-12369-1
U39CRITV;journalArticle;2022;"Soltani, A; Heydari, M; Aghaei, F; Pettit, CJ";Housing price prediction incorporating spatio-temporal dependency into machine learning algorithms;CITIES;;10.1016/j.cities.2022.103941
RVTZTJ57;journalArticle;2024;"Wongsa-art, P; Kim, N; Xia, YC; Moscone, F";Varying coefficient panel data models and methods under correlated error components: Application to disparities in mental health services in England;REGIONAL SCIENCE AND URBAN ECONOMICS;;10.1016/j.regsciurbeco.2024.104009
9RHULMMU;journalArticle;2024;Baptista, EA;Cardiovascular Diseases Mortality in Mexican Municipalities: A Spatio-Temporal Approach;APPLIED SPATIAL ANALYSIS AND POLICY;;10.1007/s12061-023-09562-7
I7B6GKIX;journalArticle;2022;"Sherafati, L; Zan, HA; Behzadi, S";Spatio-Temporal Modeling of Ozone Distribution in Tehran, Iran Based on Neural Network and Geographical Information System;IRANIAN JOURNAL OF PUBLIC HEALTH;;
5RP7PPMJ;journalArticle;2021;"Al Chanti, D; Caplier, A";Deep Learning for Spatio-Temporal Modeling of Dynamic Spontaneous Emotions;IEEE TRANSACTIONS ON AFFECTIVE COMPUTING;;10.1109/TAFFC.2018.2873600
6NZZZPCM;journalArticle;2021;"Li, XB; Penmetsa, P; Liu, J; Hainen, A; Nambisan, S";Severity of emergency natural gas distribution pipeline incidents: Application of an integrated spatio-temporal approach fused with text mining;JOURNAL OF LOSS PREVENTION IN THE PROCESS INDUSTRIES;;10.1016/j.jlp.2020.104383
XWQWHPHK;journalArticle;2023;"Wang, SB; Ren, ZP; Liu, XL";Spatiotemporal trends in neonatal, infant, and child mortality (1990-2019) based on Bayesian spatiotemporal modeling;FRONTIERS IN PUBLIC HEALTH;;10.3389/fpubh.2023.996694
FPTCICWJ;journalArticle;2024;"Qi, JZ; Zhuang, J";A review of optimization and decision models of prescribed burning for wildfire management;RISK ANALYSIS;;10.1111/risa.17680
VP9YJQRD;journalArticle;2022;"Mazzocchitti, M; Malesios, C; Sarra, A";Spatio-temporal modelling of municipal waste management systems' meta-efficiency scores;APPLIED ECONOMICS;;10.1080/00036846.2021.1939855
X63YWL5H;journalArticle;2023;"Hu, YP; Li, Y; Huang, HL";Spatio-temporal dynamic change mechanism analysis of traffic conflict risk based on trajectory data;ACCIDENT ANALYSIS AND PREVENTION;;10.1016/j.aap.2023.107203
RMGJ693A;journalArticle;2021;"Alvarez-Herranz, A; Macedo-Ruíz, E";An Evaluation of the Three Pillars of Sustainability in Cities with High Airbnb Presence: A Case Study of the City of Madrid;SUSTAINABILITY;;10.3390/su13063220
ME9PH9AK;journalArticle;2025;"Luo, C; Jarosz, E";Job creation, job destruction, and fertility in Germany;DEMOGRAPHIC RESEARCH;;10.4054/DemRes.2025.52.13
JIEV9P97;journalArticle;2021;"Zhang, JR; Zhang, RL; Xu, JZ; Wang, J; Shi, GQ";Infrastructure Investment and Regional Economic Growth: Evidence from Yangtze River Economic Zone;LAND;;10.3390/land10030320
SWLKIYPJ;journalArticle;2025;"Mortamais, M; Ongono, JS; Michelon, C; Hough, I; Seyve, E; Kloog, I; Zaros, C; Charles, MA; Lepeule, J; Baghdadli, A";Prenatal Exposure to Ambient Particulate Matter and Autism Spectrum Disorder in Children, a Case Control Study in France;JOURNAL OF AUTISM AND DEVELOPMENTAL DISORDERS;;10.1007/s10803-025-06795-y
ALTXRB8N;journalArticle;2021;"Ataeinia, B; Moghaddam, SS; Shabani, M; Gohari, K; Sheidaei, A; Rezaei, N; Naderimagham, S; Ghasemi, E; Khalilabad, MR; Roshani, S; Farzi, Y; Farzadfar, F";National and Subnational Incidence, Mortality, and Years of Life Lost Due to Breast Cancer in Iran: Trends and Age-Period-Cohort Analysis Since 1990;FRONTIERS IN ONCOLOGY;;10.3389/fonc.2021.561376
73G7TCPP;journalArticle;2024;"Marco, M; López-Quílez, A; Sánchez-Sáez, F; Escobar-Hernández, P; Montagud-Andrés, M; Lila, M; Gracia, E";The Spatio-Temporal Distribution of Suicide-related Emergency Calls in a European City: Age and Gender Patterns, and Neighborhood Influences;PSYCHOSOCIAL INTERVENTION;;10.5093/pi2024a8
Q4KCFA56;journalArticle;2023;"Constantin, DL; Goschin, Z; Serbanica, C";Piped water supply and usage and the question of services of general interest: a spatial panel data analysis;ANNALS OF REGIONAL SCIENCE;;10.1007/s00168-021-01098-3
7QQHAFUA;journalArticle;2025;"Kohar, A; Cameron, J; Baade, PD; Pickles, K; Montgomery, BD; Smith, DP; Cramb, SM";Spatio-temporal patterns of prostate-specific antigen testing in asymptomatic men: a population-based cohort study, Australia, 2002-2018;PUBLIC HEALTH;;10.1016/j.puhe.2025.105769
Q546M6EZ;journalArticle;2025;"Santaella-Tenorio, J; Rivera-Aguirre, A; Hepler, SA; Kline, DM; Cantor, J; Deyoreo, M; Martins, SS; Krawczyk, N; Cerda, M";Rates of Receiving Medication for Opioid Use Disorder and Opioid Overdose Deaths During the Early Synthetic Opioid Crisis: A County-level Analysis;EPIDEMIOLOGY;;10.1097/EDE.0000000000001816
ABD6S8SR;journalArticle;2021;"Du, ZY; Wu, SW; Huang, D; Li, WX; Wang, YH";Spatio-Temporal Encoder-Decoder Fully Convolutional Network for Video-Based Dimensional Emotion Recognition;IEEE TRANSACTIONS ON AFFECTIVE COMPUTING;;10.1109/TAFFC.2019.2940224
ZMC2N6U4;journalArticle;2022;"Shin, Y; Kim, DK; Kim, EJ";Activity-based TOD typology for seoul transit station areas using smart-card data;JOURNAL OF TRANSPORT GEOGRAPHY;;10.1016/j.jtrangeo.2022.103459
RYVJQVVY;journalArticle;2022;"Peralta, AA; Balta-Ozkan, N; Longhurst, P";Spatio-temporal modelling of solar photovoltaic adoption: An integrated neural networks and agent-based modelling approach;APPLIED ENERGY;;10.1016/j.apenergy.2021.117949
UBYRYDBW;journalArticle;2022;"Zhai, XQ; Xue, R; He, B; Yang, D; Pei, XY; Li, X; Shan, YL";Dynamic changes and convergence of China's regional green productivity: A dynamic spatial econometric analysis;ADVANCES IN CLIMATE CHANGE RESEARCH;;10.1016/j.accre.2022.01.004
QJT3WMMK;journalArticle;2023;"Li, BQ; Wang, ZQ; Xu, F";Exploring the effects of market-oriented reforms on industrial land use eco-efficiency in China: Evidence from a spatial and non-linear analysis;ENVIRONMENTAL IMPACT ASSESSMENT REVIEW;;10.1016/j.eiar.2023.107211
QBVPWPT2;journalArticle;2024;"Zhao, JH; Liu, P; Li, ZB; Zhang, MY";Spatial-temporal deep learning model based on Similarity Principle for dock shared bicycles ridership prediction;JOURNAL OF TRANSPORT AND LAND USE;;10.5198/jtlu.2024.2348
PBTDJ8SF;journalArticle;2021;"Madden, JM; More, S; Teljeur, C; Gleeson, J; Walsh, C; McGrath, G";Population Mobility Trends, Deprivation Index and the Spatio-Temporal Spread of Coronavirus Disease 2019 in Ireland;INTERNATIONAL JOURNAL OF ENVIRONMENTAL RESEARCH AND PUBLIC HEALTH;;10.3390/ijerph18126285
GWCVDP6S;journalArticle;2021;"Cilliers, P; van Vuuren, JH; van Heerden, Q";A framework for modelling spatio-temporal informal settlement growth prediction;COMPUTERS ENVIRONMENT AND URBAN SYSTEMS;;10.1016/j.compenvurbsys.2021.101707
XDAYERKC;journalArticle;2021;"Zhang, Z; Bhattacharjee, A; Marques, J; Maiti, T";Spatio-Temporal Patterns in Portuguese Regional Fertility Rates: A Bayesian Approach for Spatial Clustering of Curves;JOURNAL OF OFFICIAL STATISTICS;;10.2478/JOS-2021-0028
7SZJ24VB;journalArticle;2022;"Serra, L; Vall-Llosera, L; Varga, D; Saurina, C; Saez, M; Renart, G";Analysis of the geographic pattern of the police reports for domestic violence in Girona (Spain);BMC PUBLIC HEALTH;;10.1186/s12889-022-12916-4
DNNGZRJG;journalArticle;2021;"Kontou, E; McDonald, N";Associating ridesourcing with road safety outcomes: Insights from Austin, Texas;PLOS ONE;;10.1371/journal.pone.0248311
ZXUM823L;journalArticle;2022;"Kesuma, ZM; Siregar, LR; Fradinata, E; Fathinah, A";Factors Affecting Stunting in Children under 5 Years of Age in Indonesia using Spatial Model;INDIAN JOURNAL OF PUBLIC HEALTH;;10.4103/ijph.ijph_1989_21
DPZSY4GF;journalArticle;2021;"Meng, X; Cao, J; Wang, X";Analysis of soil erosion in central and eastern China: A spatial model approach;JOURNAL OF SOIL AND WATER CONSERVATION;;10.2489/jswc.2021.00088
3E2TNIFD;journalArticle;2022;"Yip, S; Him, NC; Jamil, NI; He, DH; Sahu, SK";Spatio-temporal detection for dengue outbreaks in the Central Region of Malaysia using climatic drivers at mesoscale and synoptic scale;CLIMATE RISK MANAGEMENT;;10.1016/j.crm.2022.100429
HFL5VD6R;journalArticle;2021;"Maureaud, AA; Frelat, R; Pécuchet, L; Shackell, N; Mérigot, B; Pinsky, ML; Amador, K; Anderson, SC; Arkhipkin, A; Auber, A; Barri, I; Bell, RJ; Belmaker, J; Beukhof, E; Camara, ML; Guevara-Carrasco, R; Choi, J; Christensen, HT; Conner, J; Cubillos, LA; Diadhiou, HD; Edelist, D; Emblemsvåg, M; Ernst, B; Fairweather, TP; Fock, HO; Friedland, KD; Garcia, CB; Gascuel, D; Gislason, H; Goren, M; Guitton, JM; Jouffre, D; Hattab, T; Hidalgo, M; Kathena, JN; Knuckey, I; Kidé, SO; Koen-Alonso, M; Koopman, M; Kulik, V; León, JP; Levitt-Barmats, Y; Lindegren, M; Llope, M; Massiot-Granier, F; Masski, H; McLean, M; Meissa, B; Mérillet, L; Mihneva, V; Nunoo, FKE; O'Driscoll, R; O'Leary, CA; Petrova, E; Ramos, JE; Refes, W; Román-Marcote, E; Siegstad, H; Sobrino, I; Sólmundsson, J; Sonin, O; Spies, I; Steingrund, P; Stephenson, F; Stern, N; Tserkova, F; Tserpes, G; Tzanatos, E; van Rijn, I; van Zwieten, PAM; Vasilakopoulos, P; Yepsen, DV; Ziegler, P; Thorson, JT";Are we ready to track climate-driven shifts in marine species across international boundaries? - A global survey of scientific bottom trawl data;GLOBAL CHANGE BIOLOGY;;10.1111/gcb.15404
FEIJBZVM;journalArticle;2022;"Zingoni, ZM; Chirwa, T; Todd, J; Musenge, E";Loss to Follow-Up Risk among HIV Patients on ART in Zimbabwe, 2009-2016: Hierarchical Bayesian Spatio-Temporal Modeling;INTERNATIONAL JOURNAL OF ENVIRONMENTAL RESEARCH AND PUBLIC HEALTH;;10.3390/ijerph191711013
6S2D66YP;journalArticle;2022;"Chen, WX; Chi, GQ";Urbanization and ecosystem services: The multi-scale spatial spillover effects and spatial variations;LAND USE POLICY;;10.1016/j.landusepol.2021.105964
3RFPTGAH;journalArticle;2022;"Han, B; Zhu, DY; Cheng, CQ; Pan, JW; Zhai, WX";Patterns of Nighttime Crowd Flows in Tourism Cities Based on Taxi Data-Take Haikou Prefecture as an Example;REMOTE SENSING;;10.3390/rs14061413
WJE53AYR;journalArticle;2021;"Wah, W; Ahern, S; Evans, S; Millar, J; Evans, M; Earnest, A";Geospatial and temporal variation of prostate cancer incidence;PUBLIC HEALTH;;10.1016/j.puhe.2020.10.032
IQ84LLBA;journalArticle;2023;"Epstein, A; Namuganga, JF; Nabende, I; Kamya, EV; Kamya, MR; Dorsey, G; Sturrock, H; Bhatt, S; Rodriguez-Barraquer, I; Greenhouse, B";Mapping malaria incidence using routine health facility surveillance data in Uganda;BMJ GLOBAL HEALTH;;10.1136/bmjgh-2022-011137
5L9H8JEQ;journalArticle;2023;"Al-Amri, NS; Ewea, HA; Elfeki, AM";Stochastic Rational Method for Estimation of Flood Peak Uncertainty in Arid Basins: Comparison between Monte Carlo and First Order Second Moment Methods with a Case Study in Southwest Saudi Arabia;SUSTAINABILITY;;10.3390/su15064719
T8Y8VTXH;journalArticle;2021;"Han, JW; Miao, JJ; Du, G; Yan, D; Miao, Z";Can market-oriented reform inhibit carbon dioxide emissions in China? A new perspective from factor market distortion;SUSTAINABLE PRODUCTION AND CONSUMPTION;;10.1016/j.spc.2021.03.020
9ATY23QD;journalArticle;2021;"Kurkcuoglu, MAS; Zengin, BN";Spatio-Temporal Modelling of the Change of Residential-Induced PM10 Pollution through Substitution of Coal with Natural Gas in Domestic Heating;SUSTAINABILITY;;10.3390/su131910870
2FVDAZS8;journalArticle;2025;"Zhang, KH; Cordes, J; Bauer, C; Stopka, TJ; Shrestha, S";Assessing Spatial and Temporal Variation in Opioid-Related Incidents and Risk Factors in Lowell, Massachusetts, from 2011 to 2022: A Bayesian Spatial-Temporal Approach;SUBSTANCE USE & ADDICTION JOURNAL;;10.1177/29767342251323065
HZZIQI9I;journalArticle;2021;"He, SX; Jiang, L";Identifying convergence in nitrogen oxides emissions from motor vehicles in China: A spatial panel data approach;JOURNAL OF CLEANER PRODUCTION;;10.1016/j.jclepro.2021.128177
RANR454V;journalArticle;2022;"Liu, ZL; Jin, Y; Yan, LP; Zhang, Y; Zhang, H; Shen, CY; Yang, LL; Cheng, JH";Identifying Priority Conservation Areas of Largehead Hairtail (Trichiurus japonicus) Nursery Grounds in the East China Sea;FRONTIERS IN MARINE SCIENCE;;10.3389/fmars.2021.779144
6UFR4M7U;journalArticle;2022;"Abdullah; Qingshi, W; Akbar, M";A Spatial Panel Analysis of Food Security and Political Risk in Asian Countries;SOCIAL INDICATORS RESEARCH;;10.1007/s11205-021-02821-5
YFTD59UN;journalArticle;2021;Echeverri, P;Interaction value formation spaces: configurations of practice-theory elements in service ecosystems;JOURNAL OF SERVICES MARKETING;;10.1108/JSM-03-2021-0084
YAJ8TLR4;journalArticle;2025;"Zhu, YP; Ng, KKH";Spatial temporal modelling of air traffic network evolution and resilience enhancement in response to the dynamic coupling of propagation outbreaks;JOURNAL OF TRANSPORT GEOGRAPHY;;10.1016/j.jtrangeo.2025.104116
JACQUGHV;journalArticle;2021;"Bansal, E; Hsu, HH; de Water, E; Martínez-Medina, S; Schnaas, L; Just, AC; Horton, M; Bellinger, DC; Téllez-Rojo, MM; Wright, RO";Prenatal PM2.5 exposure in the second and third trimesters predicts neurocognitive performance at age 9-10 years: A cohort study of Mexico City children;ENVIRONMENTAL RESEARCH;;10.1016/j.envres.2021.111651
9PBXH959;journalArticle;2022;"Magliocca, NR; Summers, DS; Curtin, KM; McSweeney, K; Price, AN";Shifting landscape suitability for cocaine trafficking through Central America in response to counterdrug interdiction;LANDSCAPE AND URBAN PLANNING;;10.1016/j.landurbplan.2022.104359
TZMMAHFV;journalArticle;2022;"Nasiakou, S; Vrahnakis, M; Chouvardas, D; Mamanis, G; Kleftoyanni, V";Land Use Changes for Investments in Silvoarable Agriculture Projected by the CLUE-S Spatio-Temporal Model;LAND;;10.3390/land11050598
M56GC5S4;journalArticle;2021;"Guan, DJ; He, XJ; Hu, XX";Quantitative identification and evolution trend simulation of shrinking cities at the county scale, China;SUSTAINABLE CITIES AND SOCIETY;;10.1016/j.scs.2020.102611
8G6YG7S9;journalArticle;2021;"Clark, NJ; Dixon, PM";A class of spatially correlated self-exciting statistical models;SPATIAL STATISTICS;;10.1016/j.spasta.2021.100493
7EXWSCXL;journalArticle;2024;"Kuo, PF; Hsu, WT; Putra, IGB; Sulistyah, UD";The proposed model for analyzing off-street parking Dynamics: A case study of Taipei City;TRANSPORTATION RESEARCH PART A-POLICY AND PRACTICE;;10.1016/j.tra.2024.103965
RPFDU8V7;journalArticle;2024;"Chirombo, J; Majamanda, A; Gunsaru, V; Yosefe, S; Ozituosauka, W; Mchoma, C; Morroni, C; Chipeta, E; MacPherson, P; Freyne, B";The prevalence of gestational syphilis in Malawi between 2014 and 2022: spatiotemporal modeling of population-level factors;FRONTIERS IN PUBLIC HEALTH;;10.3389/fpubh.2023.1242870
3IXP2TP4;journalArticle;2024;Jonutyte, K;Taming the City: Unfinished Religious Expansion in Buryatia;ETHNOS;;10.1080/00141844.2022.2156577
EX6256GU;journalArticle;2025;"Picione, RD; De Fortuna, AM; Balzani, E; Marsico, G";Trajectories of the notion of liminality: Identity, border, threshold, affectivity and spatio-temporal processes of transformation;CULTURE & PSYCHOLOGY;;10.1177/1354067X251315735
GMGT3J5L;journalArticle;2021;"Zinchenko, A; Brunner, S; Chen, LY; Shi, ZH; Taylor, PCJ; Müller, HJ";V5/MT+ modulates spatio-temporal integration differently across and within hemifields: Causal evidence from TMS;NEUROPSYCHOLOGIA;;10.1016/j.neuropsychologia.2021.107995
FQG4H5EL;journalArticle;2024;"Li, J; Zhang, J; Wang, L; Zhao, A";A Hierarchical Spatiotemporal Data Model Based on Knowledge Graphs for Representation and Modeling of Dynamic Landslide Scenes;SUSTAINABILITY;;10.3390/su162310271
T2NZ5A7L;journalArticle;2022;"Wooldridge, AR; Carayon, P; Hoonakker, P; Hose, BZ; Schroeer, K; Brazelton, T; Eithun, B; Rusy, D; Ross, J; Kohler, J; Kelly, MM; Dean, S; Springman, S; Rahal, R; Gurses, AP";Care transition of trauma patients: Processes with articulation work before and after handoff;APPLIED ERGONOMICS;;10.1016/j.apergo.2021.103606
XEIZJKBW;journalArticle;2024;"Doering-White, J; Crane, A; Roth, B";(Dis)embedding humanitarianism: Trajectories of subordination and subversion within migrant-serving NGOs;GEOFORUM;;10.1016/j.geoforum.2024.104018
EBYUMGYR;journalArticle;2025;"Qiu, QJ; Li, HY; Hu, XX; Tian, M; Ma, K; Zhu, YQ; Sun, K; Li, WR; Wang, S; Xie, Z";A Knowledge-Guided Spatio-Temporal Correlation Measure Considering Rules and Dependency Syntax for Knowledge Graph Adaptive Representation;TRANSACTIONS IN GIS;;10.1111/tgis.13288
MBAAK3YX;journalArticle;2024;"Hu, M; Liu, B; Yin, GS";Multi-Site and Multi-Pollutant Air Quality Data Modeling;SUSTAINABILITY;;10.3390/su16010165
UJXQB35C;journalArticle;2021;"Zhang, XY; Li, HW; Xia, H; Tian, GH; Yin, YX; Lei, YK; Kim, G";The Ecosystem Services Value Change and Its Driving Forces Responding to Spatio-Temporal Process of Landscape Pattern in the Co-Urbanized Area;LAND;;10.3390/land10101043
XZXL3LWD;journalArticle;2022;"Li, JZ; Xie, X; Zhao, BY; Xiao, X; Xue, B";Spatio-Temporal Processes and Characteristics of Vegetation Recovery in the Earthquake Area: A Case Study of Wenchuan, China;LAND;;10.3390/land11040477
76ATXRPK;journalArticle;2021;"Bei, CC; Liu, SP; Liao, Y; Tian, GL; Tian, ZC";Predicting new cases of COVID-19 and the application to population sustainability analysis;ACCOUNTING AND FINANCE;;10.1111/acfi.12785
ZFB9YRXB;journalArticle;2023;"Vomfell, L; Povala, J";(No) Spillovers in reporting domestic abuse to police;JOURNAL OF THE ROYAL STATISTICAL SOCIETY SERIES A-STATISTICS IN SOCIETY;;10.1093/jrsssa/qnad060
8Y2LA4PQ;journalArticle;2023;"Giudici, P; Pagnottoni, P; Spelta, A";Network self-exciting point processes to measure health impacts of COVID-19;JOURNAL OF THE ROYAL STATISTICAL SOCIETY SERIES A-STATISTICS IN SOCIETY;;10.1093/jrsssa/qnac006